t,x,y,yaw,speed,target_y,steering,left_wheel,right_wheel
0.050,2.2997,-0.0000,-0.0001,0.0062,0.00,-0.0018,-0.0018,-0.0018
0.100,2.2987,0.0000,0.0001,0.0195,0.00,0.0019,0.0019,0.0019
0.150,2.2978,0.0000,-0.0003,0.0182,0.00,0.0023,0.0023,0.0023
0.200,2.2968,0.0000,-0.0007,0.0198,0.00,0.0028,0.0028,0.0028
0.250,2.2958,0.0000,-0.0010,0.0211,0.00,0.0031,0.0031,0.0031
0.300,2.2947,0.0001,-0.0012,0.0222,0.00,0.0032,0.0032,0.0032
0.350,2.2935,0.0001,-0.0013,0.0232,0.00,0.0032,0.0032,0.0032
0.400,2.2923,0.0001,-0.0014,0.0241,0.00,0.0031,0.0031,0.0031
0.450,2.2911,0.0001,-0.0014,0.0248,0.00,0.0030,0.0030,0.0030
0.500,2.2898,0.0001,-0.0014,0.0254,0.00,0.0029,0.0029,0.0029
0.550,2.2885,0.0001,-0.0013,0.0260,0.00,0.0027,0.0027,0.0027
0.600,2.2872,0.0001,-0.0012,0.0264,0.00,0.0026,0.0026,0.0026
0.650,2.2858,0.0001,-0.0012,0.0268,0.00,0.0025,0.0025,0.0025
0.700,2.2845,0.0001,-0.0011,0.0272,0.00,0.0024,0.0024,0.0024
0.750,2.2831,0.0001,-0.0010,0.0274,0.00,0.0023,0.0023,0.0023
0.800,2.2817,0.0001,-0.0010,0.0277,0.00,0.0022,0.0022,0.0022
0.850,2.2803,0.0001,-0.0009,0.0279,0.00,0.0021,0.0021,0.0021
0.900,2.2789,0.0001,-0.0009,0.0281,0.00,0.0020,0.0020,0.0020
0.950,2.2775,0.0001,-0.0008,0.0283,0.00,0.0019,0.0019,0.0019
1.000,2.2761,0.0001,-0.0008,0.0284,0.00,0.0019,0.0019,0.0019
1.050,2.2746,0.0001,-0.0007,0.0285,0.00,0.0018,0.0018,0.0018
1.100,2.2732,0.0001,-0.0007,0.0286,0.00,0.0017,0.0018,0.0017
1.150,2.2718,0.0001,-0.0007,0.0287,0.00,0.0017,0.0017,0.0017
1.200,2.2703,0.0001,-0.0007,0.0288,0.00,0.0017,0.0017,0.0017
1.250,2.2689,0.0001,-0.0006,0.0288,0.00,0.0016,0.0016,0.0016
1.300,2.2675,0.0001,-0.0006,0.0289,0.00,0.0016,0.0016,0.0016
1.350,2.2660,0.0001,-0.0006,0.0289,0.00,0.0016,0.0016,0.0016
1.400,2.2646,0.0001,-0.0006,0.0290,0.00,0.0015,0.0015,0.0015
1.450,2.2631,0.0001,-0.0005,0.0290,0.00,0.0015,0.0015,0.0015
1.500,2.2617,0.0001,-0.0005,0.0290,0.00,0.0015,0.0015,0.0015
1.550,2.2602,0.0001,-0.0005,0.0291,0.00,0.0015,0.0015,0.0015
1.600,2.2587,0.0001,-0.0005,0.0291,0.00,0.0014,0.0014,0.0014
1.650,2.2573,0.0001,-0.0005,0.0291,0.00,0.0014,0.0014,0.0014
1.700,2.2558,0.0001,-0.0005,0.0291,0.00,0.0014,0.0014,0.0014
1.750,2.2544,0.0001,-0.0005,0.0291,0.00,0.0014,0.0014,0.0014
1.800,2.2529,0.0001,-0.0004,0.0292,0.00,0.0014,0.0014,0.0014
1.850,2.2515,0.0001,-0.0004,0.0292,0.00,0.0014,0.0014,0.0014
1.900,2.2500,0.0001,-0.0004,0.0292,0.00,0.0013,0.0013,0.0013
1.950,2.2485,0.0001,-0.0004,0.0292,0.00,0.0013,0.0013,0.0013
2.000,2.2471,0.0001,-0.0004,0.0292,0.00,0.0013,0.0013,0.0013
2.050,2.2456,0.0001,-0.0004,0.0292,0.00,0.0013,0.0013,0.0013
2.100,2.2442,0.0001,-0.0004,0.0292,0.00,0.0013,0.0013,0.0013
2.150,2.2427,0.0001,-0.0004,0.0292,0.00,0.0013,0.0013,0.0013
2.200,2.2412,0.0001,-0.0004,0.0292,0.00,0.0013,0.0013,0.0013
2.250,2.2398,0.0001,-0.0003,0.0292,0.00,0.0012,0.0012,0.0012
2.300,2.2383,0.0001,-0.0003,0.0292,0.00,0.0012,0.0012,0.0012
2.350,2.2369,0.0001,-0.0003,0.0292,0.00,0.0012,0.0012,0.0012
2.400,2.2354,0.0001,-0.0003,0.0292,0.00,0.0012,0.0012,0.0012
2.450,2.2339,0.0001,-0.0003,0.0292,0.00,0.0012,0.0012,0.0012
2.500,2.2325,0.0001,-0.0003,0.0292,0.00,0.0012,0.0012,0.0012
2.550,2.2310,0.0001,-0.0003,0.0292,0.00,0.0012,0.0012,0.0012
2.600,2.2296,0.0001,-0.0003,0.0292,0.00,0.0012,0.0012,0.0012
2.650,2.2281,0.0001,-0.0003,0.0292,0.00,0.0011,0.0011,0.0011
2.700,2.2266,0.0001,-0.0003,0.0292,0.00,0.0011,0.0011,0.0011
2.750,2.2252,0.0001,-0.0002,0.0292,0.00,0.0011,0.0011,0.0011
2.800,2.2237,0.0001,-0.0002,0.0292,0.00,0.0011,0.0011,0.0011
2.850,2.2223,0.0001,-0.0002,0.0292,0.00,0.0011,0.0011,0.0011
2.900,2.2208,0.0001,-0.0002,0.0292,0.00,0.0011,0.0011,0.0011
2.950,2.2193,0.0001,-0.0002,0.0292,0.00,0.0011,0.0011,0.0011
3.000,2.2179,0.0001,-0.0002,0.0292,0.00,0.0011,0.0011,0.0011
3.050,2.2164,0.0001,-0.0002,0.0292,0.00,0.0010,0.0010,0.0010
3.100,2.2149,0.0001,-0.0002,0.0292,0.00,0.0010,0.0010,0.0010
3.150,2.2135,0.0001,-0.0002,0.0292,0.00,0.0010,0.0010,0.0010
3.200,2.2120,0.0001,-0.0002,0.0292,0.00,0.0010,0.0010,0.0010
3.250,2.2106,0.0001,-0.0002,0.0292,0.00,0.0010,0.0010,0.0010
3.300,2.2091,0.0001,-0.0001,0.0292,0.00,0.0010,0.0010,0.0010
3.350,2.2076,0.0001,-0.0001,0.0292,0.00,0.0010,0.0010,0.0010
3.400,2.2062,0.0001,-0.0001,0.0292,0.00,0.0010,0.0010,0.0010
3.450,2.2047,0.0001,-0.0001,0.0292,0.00,0.0009,0.0009,0.0009
3.500,2.2033,0.0001,-0.0001,0.0292,0.00,0.0009,0.0009,0.0009
3.550,2.2018,0.0001,-0.0001,0.0292,0.00,0.0009,0.0009,0.0009
3.600,2.2003,0.0001,-0.0001,0.0292,0.00,0.0009,0.0009,0.0009
3.650,2.1989,0.0001,-0.0001,0.0292,0.00,0.0009,0.0009,0.0009
3.700,2.1974,0.0001,-0.0001,0.0292,0.00,0.0009,0.0009,0.0009
3.750,2.1959,0.0001,-0.0001,0.0292,0.00,0.0009,0.0009,0.0009
3.800,2.1945,0.0001,-0.0001,0.0292,0.00,0.0009,0.0009,0.0009
3.850,2.1930,0.0001,-0.0000,0.0292,0.00,0.0008,0.0008,0.0008
3.900,2.1916,0.0001,-0.0000,0.0292,0.00,0.0008,0.0008,0.0008
3.950,2.1901,0.0001,-0.0000,0.0292,0.00,0.0008,0.0008,0.0008
4.000,2.1886,0.0001,-0.0000,0.0292,0.00,0.0008,0.0008,0.0008
4.050,2.1872,0.0001,-0.0000,0.0292,0.00,0.0008,0.0008,0.0008
4.100,2.1857,0.0001,0.0000,0.0292,0.00,0.0008,0.0008,0.0008
4.150,2.1843,0.0001,0.0000,0.0292,0.00,0.0008,0.0008,0.0008
4.200,2.1828,0.0001,0.0000,0.0292,0.00,0.0007,0.0007,0.0007
4.250,2.1813,0.0001,0.0000,0.0292,0.00,0.0007,0.0007,0.0007
4.300,2.1799,0.0001,0.0000,0.0292,0.00,0.0007,0.0007,0.0007
4.350,2.1784,0.0001,0.0001,0.0292,0.00,0.0007,0.0007,0.0007
4.400,2.1769,0.0001,0.0001,0.0292,0.00,0.0007,0.0007,0.0007
4.450,2.1755,0.0001,0.0001,0.0292,0.00,0.0007,0.0007,0.0007
4.500,2.1740,0.0001,0.0001,0.0292,0.00,0.0007,0.0007,0.0007
4.550,2.1726,0.0001,0.0001,0.0292,0.00,0.0006,0.0006,0.0006
4.600,2.1711,0.0001,0.0001,0.0292,0.00,0.0006,0.0006,0.0006
4.650,2.1696,0.0001,0.0001,0.0292,0.00,0.0006,0.0006,0.0006
4.700,2.1682,0.0001,0.0001,0.0292,0.00,0.0006,0.0006,0.0006
4.750,2.1667,0.0001,0.0001,0.0292,0.00,0.0006,0.0006,0.0006
4.800,2.1653,0.0001,0.0001,0.0292,0.00,0.0006,0.0006,0.0006
4.850,2.1638,0.0001,0.0001,0.0292,0.00,0.0006,0.0006,0.0006
4.900,2.1623,0.0001,0.0002,0.0292,0.00,0.0005,0.0005,0.0005
4.950,2.1609,0.0001,0.0002,0.0292,0.00,0.0005,0.0005,0.0005
5.000,2.1594,0.0001,0.0002,0.0292,0.00,0.0005,0.0005,0.0005
5.050,2.1580,0.0001,0.0002,0.0292,0.00,0.0005,0.0005,0.0005
5.100,2.1565,0.0001,0.0002,0.0292,0.00,0.0005,0.0005,0.0005
5.150,2.1550,0.0001,0.0002,0.0292,0.00,0.0005,0.0005,0.0005
5.200,2.1536,0.0001,0.0002,0.0292,0.00,0.0005,0.0005,0.0005
5.250,2.1521,0.0001,0.0002,0.0292,0.00,0.0004,0.0004,0.0004
5.300,2.1506,0.0001,0.0002,0.0292,0.00,0.0004,0.0004,0.0004
5.350,2.1492,0.0001,0.0002,0.0292,0.00,0.0004,0.0004,0.0004
5.400,2.1477,0.0001,0.0002,0.0292,0.00,0.0004,0.0004,0.0004
5.450,2.1463,0.0001,0.0003,0.0292,0.00,0.0004,0.0004,0.0004
5.500,2.1448,0.0001,0.0003,0.0292,0.00,0.0004,0.0004,0.0004
5.550,2.1433,0.0001,0.0003,0.0292,0.00,0.0004,0.0004,0.0004
5.600,2.1419,0.0001,0.0003,0.0292,0.00,0.0003,0.0003,0.0003
5.650,2.1404,0.0001,0.0003,0.0292,0.00,0.0003,0.0003,0.0003
5.700,2.1390,0.0001,0.0003,0.0292,0.00,0.0003,0.0003,0.0003
5.750,2.1375,0.0001,0.0003,0.0292,0.00,0.0003,0.0003,0.0003
5.800,2.1360,0.0001,0.0003,0.0292,0.00,0.0003,0.0003,0.0003
5.850,2.1346,0.0001,0.0003,0.0292,0.00,0.0003,0.0003,0.0003
5.900,2.1331,0.0001,0.0003,0.0292,0.00,0.0003,0.0003,0.0003
5.950,2.1316,0.0001,0.0004,0.0292,0.00,0.0002,0.0002,0.0002
6.000,2.1302,0.0001,0.0004,0.0292,0.00,0.0002,0.0002,0.0002
6.050,2.1287,0.0001,0.0004,0.0292,0.00,0.0002,0.0002,0.0002
6.100,2.1273,0.0001,0.0004,0.0292,0.00,0.0002,0.0002,0.0002
6.150,2.1258,0.0001,0.0004,0.0292,0.00,0.0002,0.0002,0.0002
6.200,2.1243,0.0001,0.0004,0.0292,0.00,0.0002,0.0002,0.0002
6.250,2.1229,0.0001,0.0004,0.0292,0.00,0.0002,0.0002,0.0002
6.300,2.1214,0.0001,0.0004,0.0292,0.00,0.0001,0.0001,0.0001
6.350,2.1200,0.0001,0.0004,0.0292,0.00,0.0001,0.0001,0.0001
6.400,2.1185,0.0001,0.0004,0.0292,0.00,0.0001,0.0001,0.0001
6.450,2.1170,0.0001,0.0004,0.0292,0.00,0.0001,0.0001,0.0001
6.500,2.1156,0.0001,0.0005,0.0292,0.00,0.0001,0.0001,0.0001
6.550,2.1141,0.0001,0.0005,0.0292,0.00,0.0001,0.0001,0.0001
6.600,2.1126,0.0001,0.0005,0.0292,0.00,0.0000,0.0000,0.0000
6.650,2.1112,0.0001,0.0005,0.0292,0.00,0.0000,0.0000,0.0000
6.700,2.1097,0.0001,0.0005,0.0292,0.00,0.0000,0.0000,0.0000
6.750,2.1083,0.0001,0.0005,0.0292,0.00,0.0000,0.0000,0.0000
6.800,2.1068,0.0001,0.0005,0.0292,0.00,-0.0000,-0.0000,-0.0000
6.850,2.1053,0.0001,0.0005,0.0292,0.00,-0.0000,-0.0000,-0.0000
6.900,2.1039,0.0001,0.0005,0.0292,0.00,-0.0000,-0.0000,-0.0000
6.950,2.1024,0.0001,0.0005,0.0292,0.00,-0.0001,-0.0001,-0.0001
7.000,2.1010,0.0001,0.0005,0.0292,0.00,-0.0001,-0.0001,-0.0001
7.050,2.0995,0.0001,0.0006,0.0292,0.00,-0.0001,-0.0001,-0.0001
7.100,2.0980,0.0001,0.0006,0.0292,0.00,-0.0001,-0.0001,-0.0001
7.150,2.0966,0.0001,0.0006,0.0292,0.00,-0.0001,-0.0001,-0.0001
7.200,2.0951,0.0001,0.0006,0.0292,0.00,-0.0001,-0.0001,-0.0001
7.250,2.0936,0.0001,0.0006,0.0292,0.00,-0.0002,-0.0002,-0.0002
7.300,2.0922,0.0001,0.0006,0.0292,0.00,-0.0002,-0.0002,-0.0002
7.350,2.0907,0.0001,0.0006,0.0292,0.00,-0.0002,-0.0002,-0.0002
7.400,2.0893,0.0001,0.0006,0.0292,0.00,-0.0002,-0.0002,-0.0002
7.450,2.0878,0.0001,0.0006,0.0292,0.00,-0.0002,-0.0002,-0.0002
7.500,2.0863,0.0001,0.0006,0.0292,0.00,-0.0002,-0.0002,-0.0002
7.550,2.0849,0.0001,0.0006,0.0292,0.00,-0.0002,-0.0002,-0.0002
7.600,2.0834,0.0001,0.0006,0.0292,0.00,-0.0003,-0.0003,-0.0003
7.650,2.0820,0.0001,0.0007,0.0292,0.00,-0.0003,-0.0003,-0.0003
7.700,2.0805,0.0001,0.0007,0.0292,0.00,-0.0003,-0.0003,-0.0003
7.750,2.0790,0.0001,0.0007,0.0292,0.00,-0.0003,-0.0003,-0.0003
7.800,2.0776,0.0001,0.0007,0.0292,0.00,-0.0003,-0.0003,-0.0003
7.850,2.0761,0.0001,0.0007,0.0292,0.00,-0.0003,-0.0003,-0.0003
7.900,2.0746,0.0001,0.0007,0.0292,0.00,-0.0004,-0.0004,-0.0004
7.950,2.0732,0.0001,0.0007,0.0292,0.00,-0.0004,-0.0004,-0.0004
8.000,2.0717,0.0001,0.0007,0.0292,0.00,-0.0004,-0.0004,-0.0004
8.050,2.0703,0.0001,0.0007,0.0292,0.00,-0.0004,-0.0004,-0.0004
8.100,2.0688,0.0001,0.0007,0.0292,0.00,-0.0004,-0.0004,-0.0004
8.150,2.0673,0.0000,0.0007,0.0292,0.00,-0.0004,-0.0004,-0.0004
8.200,2.0659,0.0000,0.0007,0.0292,0.00,-0.0005,-0.0005,-0.0005
8.250,2.0644,0.0000,0.0008,0.0292,0.00,-0.0005,-0.0005,-0.0005
8.300,2.0630,0.0000,0.0008,0.0292,0.00,-0.0005,-0.0005,-0.0005
8.350,2.0615,0.0000,0.0008,0.0292,0.00,-0.0005,-0.0005,-0.0005
8.400,2.0600,0.0000,0.0008,0.0292,0.00,-0.0005,-0.0005,-0.0005
8.450,2.0586,0.0000,0.0008,0.0292,0.00,-0.0005,-0.0005,-0.0005
8.500,2.0571,0.0000,0.0008,0.0292,0.00,-0.0005,-0.0005,-0.0005
8.550,2.0556,0.0000,0.0008,0.0292,0.00,-0.0006,-0.0006,-0.0006
8.600,2.0542,0.0000,0.0008,0.0292,0.00,-0.0006,-0.0006,-0.0006
8.650,2.0527,0.0000,0.0008,0.0292,0.00,-0.0006,-0.0006,-0.0006
8.700,2.0513,0.0000,0.0008,0.0292,0.00,-0.0006,-0.0006,-0.0006
8.750,2.0498,0.0000,0.0008,0.0292,0.00,-0.0006,-0.0006,-0.0006
8.800,2.0483,0.0000,0.0008,0.0292,0.00,-0.0006,-0.0006,-0.0006
8.850,2.0469,0.0000,0.0008,0.0292,0.00,-0.0006,-0.0006,-0.0006
8.900,2.0454,0.0000,0.0009,0.0292,0.00,-0.0007,-0.0007,-0.0007
8.950,2.0439,0.0000,0.0009,0.0292,0.00,-0.0007,-0.0007,-0.0007
9.000,2.0425,0.0000,0.0009,0.0292,0.00,-0.0007,-0.0007,-0.0007
9.050,2.0410,0.0000,0.0009,0.0292,0.00,-0.0007,-0.0007,-0.0007
9.100,2.0396,0.0000,0.0009,0.0292,0.00,-0.0007,-0.0007,-0.0007
9.150,2.0381,0.0000,0.0009,0.0292,0.00,-0.0007,-0.0007,-0.0007
9.200,2.0366,0.0000,0.0009,0.0292,0.00,-0.0007,-0.0007,-0.0007
9.250,2.0352,0.0000,0.0009,0.0292,0.00,-0.0008,-0.0008,-0.0008
9.300,2.0337,0.0000,0.0009,0.0292,0.00,-0.0008,-0.0008,-0.0008
9.350,2.0323,0.0000,0.0009,0.0292,0.00,-0.0008,-0.0008,-0.0008
9.400,2.0308,0.0000,0.0009,0.0292,0.00,-0.0008,-0.0008,-0.0008
9.450,2.0293,0.0000,0.0009,0.0292,0.00,-0.0008,-0.0008,-0.0008
9.500,2.0279,0.0000,0.0010,0.0292,0.00,-0.0008,-0.0008,-0.0008
9.550,2.0264,0.0000,0.0010,0.0292,0.00,-0.0008,-0.0008,-0.0008
9.600,2.0249,0.0000,0.0010,0.0292,0.00,-0.0008,-0.0008,-0.0008
9.650,2.0235,0.0000,0.0010,0.0292,0.00,-0.0009,-0.0009,-0.0009
9.700,2.0220,0.0000,0.0010,0.0292,0.00,-0.0009,-0.0009,-0.0009
9.750,2.0206,0.0000,0.0010,0.0292,0.00,-0.0009,-0.0009,-0.0009
9.800,2.0191,0.0000,0.0010,0.0292,0.00,-0.0009,-0.0009,-0.0009
9.850,2.0176,0.0000,0.0010,0.0292,0.00,-0.0009,-0.0009,-0.0009
9.900,2.0162,0.0000,0.0010,0.0292,0.00,-0.0009,-0.0009,-0.0009
9.950,2.0147,0.0000,0.0010,0.0292,0.00,-0.0009,-0.0009,-0.0009
10.000,2.0132,0.0000,0.0010,0.0292,0.00,-0.0009,-0.0009,-0.0009
10.050,2.0118,0.0000,0.0010,0.0292,0.00,-0.0010,-0.0010,-0.0010
10.100,2.0103,0.0000,0.0010,0.0292,0.00,-0.0010,-0.0010,-0.0010
10.150,2.0089,0.0000,0.0010,0.0292,0.00,-0.0010,-0.0010,-0.0010
10.200,2.0074,0.0000,0.0010,0.0292,0.00,-0.0010,-0.0010,-0.0010
10.250,2.0059,0.0000,0.0010,0.0292,0.00,-0.0010,-0.0010,-0.0010
10.300,2.0045,0.0000,0.0011,0.0292,0.00,-0.0010,-0.0010,-0.0010
10.350,2.0030,0.0000,0.0011,0.0292,0.00,-0.0010,-0.0010,-0.0010
10.400,2.0016,0.0000,0.0011,0.0292,0.00,-0.0011,-0.0011,-0.0011
10.450,2.0001,0.0000,0.0011,0.0292,0.00,-0.0011,-0.0011,-0.0011
10.500,1.9986,0.0000,0.0011,0.0293,0.00,-0.0011,-0.0011,-0.0011
10.550,1.9972,0.0000,0.0011,0.0293,0.00,-0.0011,-0.0011,-0.0011
10.600,1.9957,0.0000,0.0011,0.0293,0.00,-0.0011,-0.0011,-0.0011
10.650,1.9942,0.0000,0.0011,0.0293,0.00,-0.0011,-0.0011,-0.0011
10.700,1.9928,0.0000,0.0010,0.0293,0.00,-0.0011,-0.0011,-0.0011
10.750,1.9913,-0.0000,0.0010,0.0293,0.00,-0.0011,-0.0011,-0.0011
10.800,1.9898,-0.0000,0.0010,0.0293,0.00,-0.0010,-0.0010,-0.0010
10.850,1.9884,-0.0000,0.0010,0.0293,0.00,-0.0010,-0.0010,-0.0010
10.900,1.9869,-0.0000,0.0010,0.0293,0.00,-0.0010,-0.0010,-0.0010
10.950,1.9855,-0.0000,0.0010,0.0293,0.00,-0.0010,-0.0010,-0.0010
11.000,1.9840,-0.0000,0.0010,0.0293,0.00,-0.0010,-0.0010,-0.0010
11.050,1.9825,-0.0000,0.0010,0.0293,0.00,-0.0010,-0.0010,-0.0010
11.100,1.9811,-0.0000,0.0010,0.0293,0.00,-0.0010,-0.0010,-0.0010
11.150,1.9796,-0.0000,0.0010,0.0293,0.00,-0.0010,-0.0010,-0.0010
11.200,1.9781,-0.0000,0.0010,0.0293,0.00,-0.0010,-0.0010,-0.0010
11.250,1.9767,-0.0000,0.0009,0.0293,0.00,-0.0010,-0.0010,-0.0010
11.300,1.9752,-0.0000,0.0009,0.0293,0.00,-0.0010,-0.0010,-0.0010
11.350,1.9738,-0.0000,0.0009,0.0293,0.00,-0.0010,-0.0010,-0.0010
11.400,1.9723,-0.0000,0.0009,0.0293,0.00,-0.0010,-0.0010,-0.0010
11.450,1.9708,-0.0000,0.0009,0.0293,0.00,-0.0010,-0.0010,-0.0010
11.500,1.9694,-0.0000,0.0009,0.0293,0.00,-0.0010,-0.0010,-0.0010
11.550,1.9679,-0.0000,0.0009,0.0293,0.00,-0.0010,-0.0010,-0.0010
11.600,1.9664,-0.0000,0.0009,0.0293,0.00,-0.0010,-0.0010,-0.0010
11.650,1.9650,-0.0000,0.0009,0.0293,0.00,-0.0010,-0.0010,-0.0010
11.700,1.9635,-0.0000,0.0009,0.0293,0.00,-0.0010,-0.0010,-0.0010
11.750,1.9620,-0.0000,0.0009,0.0293,0.00,-0.0010,-0.0010,-0.0010
11.800,1.9606,-0.0000,0.0009,0.0293,0.00,-0.0009,-0.0009,-0.0009
11.850,1.9591,-0.0000,0.0008,0.0293,0.00,-0.0009,-0.0009,-0.0009
11.900,1.9577,-0.0000,0.0008,0.0293,0.00,-0.0009,-0.0009,-0.0009
11.950,1.9562,-0.0000,0.0008,0.0293,0.00,-0.0009,-0.0009,-0.0009
12.000,1.9547,-0.0000,0.0008,0.0293,0.00,-0.0009,-0.0009,-0.0009
12.050,1.9533,-0.0000,0.0008,0.0293,0.00,-0.0009,-0.0009,-0.0009
12.100,1.9518,-0.0000,0.0008,0.0293,0.00,-0.0009,-0.0009,-0.0009
12.150,1.9503,-0.0000,0.0008,0.0293,0.00,-0.0009,-0.0009,-0.0009
12.200,1.9489,-0.0000,0.0008,0.0293,0.00,-0.0009,-0.0009,-0.0009
12.250,1.9474,-0.0000,0.0008,0.0293,0.00,-0.0009,-0.0009,-0.0009
12.300,1.9459,-0.0000,0.0008,0.0293,0.00,-0.0009,-0.0009,-0.0009
12.350,1.9445,-0.0000,0.0008,0.0293,0.00,-0.0009,-0.0009,-0.0009
12.400,1.9430,-0.0000,0.0008,0.0293,0.00,-0.0009,-0.0009,-0.0009
12.450,1.9416,-0.0000,0.0007,0.0293,0.00,-0.0009,-0.0009,-0.0009
12.500,1.9401,-0.0000,0.0007,0.0293,0.00,-0.0009,-0.0009,-0.0009
12.550,1.9386,-0.0000,0.0007,0.0293,0.00,-0.0009,-0.0009,-0.0009
12.600,1.9372,-0.0000,0.0007,0.0293,0.00,-0.0009,-0.0009,-0.0009
12.650,1.9357,-0.0000,0.0007,0.0293,0.00,-0.0009,-0.0009,-0.0009
12.700,1.9342,-0.0000,0.0007,0.0293,0.00,-0.0009,-0.0009,-0.0009
12.750,1.9328,-0.0000,0.0007,0.0293,0.00,-0.0008,-0.0008,-0.0008
12.800,1.9313,-0.0000,0.0007,0.0293,0.00,-0.0008,-0.0008,-0.0008
12.850,1.9298,-0.0000,0.0007,0.0293,0.00,-0.0008,-0.0008,-0.0008
12.900,1.9284,-0.0000,0.0007,0.0293,0.00,-0.0008,-0.0008,-0.0008
12.950,1.9269,-0.0000,0.0007,0.0293,0.00,-0.0008,-0.0008,-0.0008
13.000,1.9255,-0.0000,0.0007,0.0293,0.00,-0.0008,-0.0008,-0.0008
13.050,1.9240,-0.0000,0.0007,0.0293,0.00,-0.0008,-0.0008,-0.0008
13.100,1.9225,-0.0000,0.0006,0.0293,0.00,-0.0008,-0.0008,-0.0008
13.150,1.9211,-0.0000,0.0006,0.0293,0.00,-0.0008,-0.0008,-0.0008
13.200,1.9196,-0.0000,0.0006,0.0293,0.00,-0.0008,-0.0008,-0.0008
13.250,1.9181,-0.0000,0.0006,0.0293,0.00,-0.0008,-0.0008,-0.0008
13.300,1.9167,-0.0000,0.0006,0.0293,0.00,-0.0008,-0.0008,-0.0008
13.350,1.9152,-0.0000,0.0006,0.0293,0.00,-0.0008,-0.0008,-0.0008
13.400,1.9138,-0.0000,0.0006,0.0293,0.00,-0.0008,-0.0008,-0.0008
13.450,1.9123,-0.0000,0.0006,0.0293,0.00,-0.0008,-0.0008,-0.0008
13.500,1.9108,-0.0000,0.0006,0.0293,0.00,-0.0008,-0.0008,-0.0008
13.550,1.9094,-0.0000,0.0006,0.0293,0.00,-0.0008,-0.0008,-0.0008
13.600,1.9079,-0.0000,0.0006,0.0293,0.00,-0.0008,-0.0008,-0.0008
13.650,1.9064,-0.0000,0.0006,0.0293,0.00,-0.0007,-0.0007,-0.0007
13.700,1.9050,-0.0000,0.0006,0.0293,0.00,-0.0007,-0.0007,-0.0007
13.750,1.9035,-0.0000,0.0006,0.0293,0.00,-0.0007,-0.0007,-0.0007
13.800,1.9020,-0.0000,0.0005,0.0293,0.00,-0.0007,-0.0007,-0.0007
13.850,1.9006,-0.0000,0.0005,0.0293,0.00,-0.0007,-0.0007,-0.0007
13.900,1.8991,-0.0000,0.0005,0.0293,0.00,-0.0007,-0.0007,-0.0007
13.950,1.8977,-0.0000,0.0005,0.0293,0.00,-0.0007,-0.0007,-0.0007
14.000,1.8962,-0.0000,0.0005,0.0293,0.00,-0.0007,-0.0007,-0.0007
14.050,1.8947,-0.0000,0.0005,0.0293,0.00,-0.0007,-0.0007,-0.0007
14.100,1.8933,-0.0000,0.0005,0.0293,0.00,-0.0007,-0.0007,-0.0007
14.150,1.8918,-0.0000,0.0005,0.0293,0.00,-0.0007,-0.0007,-0.0007
14.200,1.8903,-0.0000,0.0005,0.0293,0.00,-0.0007,-0.0007,-0.0007
14.250,1.8889,-0.0000,0.0005,0.0293,0.00,-0.0007,-0.0007,-0.0007
14.300,1.8874,-0.0000,0.0005,0.0293,0.00,-0.0007,-0.0007,-0.0007
14.350,1.8859,-0.0000,0.0005,0.0293,0.00,-0.0007,-0.0007,-0.0007
14.400,1.8845,-0.0000,0.0005,0.0293,0.00,-0.0007,-0.0007,-0.0007
14.450,1.8830,-0.0000,0.0005,0.0293,0.00,-0.0007,-0.0007,-0.0007
14.500,1.8816,-0.0000,0.0004,0.0293,0.00,-0.0006,-0.0006,-0.0006
14.550,1.8801,-0.0000,0.0004,0.0293,0.00,-0.0006,-0.0006,-0.0006
14.600,1.8786,-0.0000,0.0004,0.0293,0.00,-0.0006,-0.0006,-0.0006
14.650,1.8772,-0.0000,0.0004,0.0293,0.00,-0.0006,-0.0006,-0.0006
14.700,1.8757,-0.0000,0.0004,0.0293,0.00,-0.0006,-0.0006,-0.0006
14.750,1.8742,-0.0000,0.0004,0.0293,0.00,-0.0006,-0.0006,-0.0006
14.800,1.8728,-0.0000,0.0004,0.0293,0.00,-0.0006,-0.0006,-0.0006
14.850,1.8713,-0.0000,0.0004,0.0293,0.00,-0.0006,-0.0006,-0.0006
14.900,1.8699,-0.0000,0.0004,0.0293,0.00,-0.0006,-0.0006,-0.0006
14.950,1.8684,-0.0000,0.0004,0.0293,0.00,-0.0006,-0.0006,-0.0006
15.000,1.8669,-0.0000,0.0004,0.0293,0.00,-0.0006,-0.0006,-0.0006
15.050,1.8655,-0.0000,0.0004,0.0293,0.00,-0.0006,-0.0006,-0.0006
15.100,1.8640,-0.0000,0.0004,0.0293,0.00,-0.0006,-0.0006,-0.0006
15.150,1.8625,-0.0000,0.0004,0.0293,0.00,-0.0006,-0.0006,-0.0006
15.200,1.8611,-0.0000,0.0004,0.0293,0.00,-0.0006,-0.0006,-0.0006
15.250,1.8596,-0.0000,0.0004,0.0293,0.00,-0.0006,-0.0006,-0.0006
15.300,1.8581,-0.0000,0.0004,0.0293,0.00,-0.0006,-0.0006,-0.0006
15.350,1.8567,-0.0000,0.0003,0.0293,0.00,-0.0006,-0.0006,-0.0006
15.400,1.8552,-0.0000,0.0003,0.0293,0.00,-0.0005,-0.0005,-0.0005
15.450,1.8538,-0.0000,0.0003,0.0293,0.00,-0.0005,-0.0005,-0.0005
15.500,1.8523,-0.0000,0.0003,0.0293,0.00,-0.0005,-0.0005,-0.0005
15.550,1.8508,-0.0000,0.0003,0.0293,0.00,-0.0005,-0.0005,-0.0005
15.600,1.8494,-0.0000,0.0003,0.0293,0.00,-0.0005,-0.0005,-0.0005
15.650,1.8479,-0.0000,0.0003,0.0293,0.00,-0.0005,-0.0005,-0.0005
15.700,1.8464,-0.0000,0.0003,0.0293,0.00,-0.0005,-0.0005,-0.0005
15.750,1.8450,-0.0000,0.0003,0.0293,0.00,-0.0005,-0.0005,-0.0005
15.800,1.8435,-0.0000,0.0003,0.0293,0.00,-0.0005,-0.0005,-0.0005
15.850,1.8420,-0.0000,0.0003,0.0293,0.00,-0.0005,-0.0005,-0.0005
15.900,1.8406,-0.0000,0.0003,0.0293,0.00,-0.0005,-0.0005,-0.0005
15.950,1.8391,-0.0000,0.0003,0.0293,0.00,-0.0005,-0.0005,-0.0005
16.000,1.8377,-0.0000,0.0003,0.0293,0.00,-0.0005,-0.0005,-0.0005
16.050,1.8362,-0.0000,0.0003,0.0293,0.00,-0.0005,-0.0005,-0.0005
16.100,1.8347,-0.0000,0.0003,0.0293,0.00,-0.0005,-0.0005,-0.0005
16.150,1.8333,-0.0000,0.0003,0.0293,0.00,-0.0005,-0.0005,-0.0005
16.200,1.8318,-0.0000,0.0003,0.0293,0.00,-0.0005,-0.0005,-0.0005
16.250,1.8303,-0.0000,0.0002,0.0293,0.00,-0.0005,-0.0005,-0.0005
16.300,1.8289,-0.0000,0.0002,0.0293,0.00,-0.0005,-0.0005,-0.0005
16.350,1.8274,-0.0000,0.0002,0.0293,0.00,-0.0005,-0.0005,-0.0005
16.400,1.8259,-0.0000,0.0002,0.0293,0.00,-0.0004,-0.0004,-0.0004
16.450,1.8245,-0.0000,0.0002,0.0293,0.00,-0.0004,-0.0004,-0.0004
16.500,1.8230,-0.0000,0.0002,0.0293,0.00,-0.0004,-0.0004,-0.0004
16.550,1.8216,-0.0000,0.0002,0.0293,0.00,-0.0004,-0.0004,-0.0004
16.600,1.8201,-0.0000,0.0002,0.0293,0.00,-0.0004,-0.0004,-0.0004
16.650,1.8186,-0.0000,0.0002,0.0293,0.00,-0.0004,-0.0004,-0.0004
16.700,1.8172,-0.0000,0.0002,0.0293,0.00,-0.0004,-0.0004,-0.0004
16.750,1.8157,-0.0000,0.0002,0.0293,0.00,-0.0004,-0.0004,-0.0004
16.800,1.8142,-0.0000,0.0002,0.0293,0.00,-0.0004,-0.0004,-0.0004
16.850,1.8128,-0.0000,0.0002,0.0293,0.00,-0.0004,-0.0004,-0.0004
16.900,1.8113,-0.0000,0.0002,0.0293,0.00,-0.0004,-0.0004,-0.0004
16.950,1.8099,-0.0000,0.0002,0.0293,0.00,-0.0004,-0.0004,-0.0004
17.000,1.8084,-0.0000,0.0002,0.0293,0.00,-0.0004,-0.0004,-0.0004
17.050,1.8069,-0.0000,0.0002,0.0293,0.00,-0.0004,-0.0004,-0.0004
17.100,1.8055,-0.0000,0.0002,0.0293,0.00,-0.0004,-0.0004,-0.0004
17.150,1.8040,-0.0000,0.0002,0.0293,0.00,-0.0004,-0.0004,-0.0004
17.200,1.8025,-0.0000,0.0002,0.0293,0.00,-0.0004,-0.0004,-0.0004
17.250,1.8011,-0.0000,0.0002,0.0293,0.00,-0.0004,-0.0004,-0.0004
17.300,1.7996,-0.0000,0.0002,0.0293,0.00,-0.0004,-0.0004,-0.0004
17.350,1.7981,-0.0000,0.0002,0.0293,0.00,-0.0004,-0.0004,-0.0004
17.400,1.7967,-0.0000,0.0001,0.0293,0.00,-0.0004,-0.0004,-0.0004
17.450,1.7952,-0.0000,0.0001,0.0293,0.00,-0.0004,-0.0004,-0.0004
17.500,1.7938,-0.0000,0.0001,0.0293,0.00,-0.0004,-0.0004,-0.0004
17.550,1.7923,-0.0000,0.0001,0.0293,0.00,-0.0004,-0.0004,-0.0004
17.600,1.7908,-0.0000,0.0001,0.0293,0.00,-0.0003,-0.0003,-0.0003
17.650,1.7894,-0.0000,0.0001,0.0293,0.00,-0.0003,-0.0003,-0.0003
17.700,1.7879,-0.0000,0.0001,0.0293,0.00,-0.0003,-0.0003,-0.0003
17.750,1.7864,-0.0000,0.0001,0.0293,0.00,-0.0003,-0.0003,-0.0003
17.800,1.7850,-0.0000,0.0001,0.0293,0.00,-0.0003,-0.0003,-0.0003
17.850,1.7835,-0.0000,0.0001,0.0293,0.00,-0.0003,-0.0003,-0.0003
17.900,1.7820,-0.0000,0.0001,0.0293,0.00,-0.0003,-0.0003,-0.0003
17.950,1.7806,-0.0000,0.0001,0.0293,0.00,-0.0003,-0.0003,-0.0003
18.000,1.7791,-0.0000,0.0001,0.0293,0.00,-0.0003,-0.0003,-0.0003
18.050,1.7777,-0.0000,0.0001,0.0293,0.00,-0.0003,-0.0003,-0.0003
18.100,1.7762,-0.0000,0.0001,0.0293,0.00,-0.0003,-0.0003,-0.0003
18.150,1.7747,-0.0000,0.0001,0.0293,0.00,-0.0003,-0.0003,-0.0003
18.200,1.7733,-0.0000,0.0001,0.0293,0.00,-0.0003,-0.0003,-0.0003
18.250,1.7718,-0.0000,0.0001,0.0293,0.00,-0.0003,-0.0003,-0.0003
18.300,1.7703,-0.0000,0.0001,0.0293,0.00,-0.0003,-0.0003,-0.0003
18.350,1.7689,-0.0000,0.0001,0.0293,0.00,-0.0003,-0.0003,-0.0003
18.400,1.7674,-0.0000,0.0001,0.0293,0.00,-0.0003,-0.0003,-0.0003
18.450,1.7659,-0.0000,0.0001,0.0293,0.00,-0.0003,-0.0003,-0.0003
18.500,1.7645,-0.0000,0.0001,0.0293,0.00,-0.0003,-0.0003,-0.0003
18.550,1.7630,-0.0000,0.0001,0.0293,0.00,-0.0003,-0.0003,-0.0003
18.600,1.7616,-0.0000,0.0001,0.0293,0.00,-0.0003,-0.0003,-0.0003
18.650,1.7601,-0.0000,0.0001,0.0293,0.00,-0.0003,-0.0003,-0.0003
18.700,1.7586,-0.0000,0.0001,0.0293,0.00,-0.0003,-0.0003,-0.0003
18.750,1.7572,-0.0000,0.0001,0.0293,0.00,-0.0003,-0.0003,-0.0003
18.800,1.7557,-0.0000,0.0001,0.0293,0.00,-0.0003,-0.0003,-0.0003
18.850,1.7542,-0.0000,0.0001,0.0293,0.00,-0.0003,-0.0003,-0.0003
18.900,1.7528,-0.0000,0.0001,0.0293,0.00,-0.0003,-0.0003,-0.0003
18.950,1.7513,-0.0000,0.0001,0.0293,0.00,-0.0003,-0.0003,-0.0003
19.000,1.7498,-0.0000,0.0001,0.0293,0.00,-0.0003,-0.0003,-0.0003
19.050,1.7484,-0.0000,0.0001,0.0293,0.00,-0.0003,-0.0003,-0.0003
19.100,1.7469,-0.0000,0.0000,0.0293,0.00,-0.0002,-0.0002,-0.0002
19.150,1.7455,-0.0000,0.0000,0.0293,0.00,-0.0002,-0.0002,-0.0002
19.200,1.7440,-0.0000,0.0000,0.0293,0.00,-0.0002,-0.0002,-0.0002
19.250,1.7425,-0.0000,0.0000,0.0293,0.00,-0.0002,-0.0002,-0.0002
19.300,1.7411,-0.0000,0.0000,0.0293,0.00,-0.0002,-0.0002,-0.0002
19.350,1.7396,-0.0000,0.0000,0.0293,0.00,-0.0002,-0.0002,-0.0002
19.400,1.7381,-0.0000,0.0000,0.0293,0.00,-0.0002,-0.0002,-0.0002
19.450,1.7367,-0.0000,0.0000,0.0293,0.00,-0.0002,-0.0002,-0.0002
19.500,1.7352,-0.0000,0.0000,0.0293,0.00,-0.0002,-0.0002,-0.0002
19.550,1.7337,-0.0000,0.0000,0.0293,0.00,-0.0002,-0.0002,-0.0002
19.600,1.7323,-0.0000,0.0000,0.0293,0.00,-0.0002,-0.0002,-0.0002
19.650,1.7308,-0.0000,0.0000,0.0293,0.00,-0.0002,-0.0002,-0.0002
19.700,1.7294,-0.0000,0.0000,0.0293,0.00,-0.0002,-0.0002,-0.0002
19.750,1.7279,-0.0000,0.0000,0.0293,0.00,-0.0002,-0.0002,-0.0002
19.800,1.7264,-0.0000,0.0000,0.0293,0.00,-0.0002,-0.0002,-0.0002
19.850,1.7250,-0.0000,0.0000,0.0293,0.00,-0.0002,-0.0002,-0.0002
19.900,1.7235,-0.0000,0.0000,0.0293,0.00,-0.0002,-0.0002,-0.0002
19.950,1.7220,-0.0000,0.0000,0.0293,0.00,-0.0002,-0.0002,-0.0002
20.000,1.7206,-0.0000,0.0000,0.0293,0.00,-0.0002,-0.0002,-0.0002
20.050,1.7191,-0.0000,0.0000,0.0293,0.00,-0.0002,-0.0002,-0.0002
20.100,1.7177,-0.0000,0.0000,0.0293,0.00,-0.0002,-0.0002,-0.0002
20.150,1.7162,-0.0000,0.0000,0.0293,0.00,-0.0002,-0.0002,-0.0002
20.200,1.7147,-0.0000,0.0000,0.0293,0.00,-0.0002,-0.0002,-0.0002
20.250,1.7133,-0.0000,0.0000,0.0293,0.00,-0.0002,-0.0002,-0.0002
20.300,1.7118,-0.0000,0.0000,0.0293,0.00,-0.0002,-0.0002,-0.0002
20.350,1.7103,-0.0000,0.0000,0.0293,0.00,-0.0002,-0.0002,-0.0002
20.400,1.7089,-0.0000,0.0000,0.0293,0.00,-0.0002,-0.0002,-0.0002
20.450,1.7074,-0.0000,-0.0000,0.0293,0.00,-0.0002,-0.0002,-0.0002
20.500,1.7059,-0.0000,-0.0000,0.0293,0.00,-0.0002,-0.0002,-0.0002
20.550,1.7045,-0.0000,-0.0000,0.0293,0.00,-0.0002,-0.0002,-0.0002
20.600,1.7030,-0.0000,-0.0000,0.0293,0.00,-0.0002,-0.0002,-0.0002
20.650,1.7016,-0.0000,-0.0000,0.0293,0.00,-0.0002,-0.0002,-0.0002
20.700,1.7001,-0.0000,-0.0000,0.0293,0.00,-0.0002,-0.0002,-0.0002
20.750,1.6986,-0.0000,-0.0000,0.0293,0.00,-0.0002,-0.0002,-0.0002
20.800,1.6972,-0.0000,-0.0000,0.0293,0.00,-0.0002,-0.0002,-0.0002
20.850,1.6957,-0.0000,-0.0000,0.0293,0.00,-0.0002,-0.0002,-0.0002
20.900,1.6942,-0.0000,-0.0000,0.0293,0.00,-0.0002,-0.0002,-0.0002
20.950,1.6928,-0.0000,-0.0000,0.0293,0.00,-0.0002,-0.0002,-0.0002
21.000,1.6913,-0.0000,-0.0000,0.0293,0.00,-0.0002,-0.0002,-0.0002
21.050,1.6898,-0.0000,-0.0000,0.0293,0.00,-0.0002,-0.0002,-0.0002
21.100,1.6884,-0.0000,-0.0000,0.0293,0.00,-0.0002,-0.0002,-0.0002
21.150,1.6869,-0.0000,-0.0000,0.0293,0.00,-0.0002,-0.0002,-0.0002
21.200,1.6855,-0.0000,-0.0000,0.0293,0.00,-0.0002,-0.0002,-0.0002
21.250,1.6840,-0.0000,-0.0000,0.0293,0.00,-0.0002,-0.0002,-0.0002
21.300,1.6825,-0.0000,-0.0000,0.0293,0.00,-0.0002,-0.0002,-0.0002
21.350,1.6811,-0.0000,-0.0000,0.0293,0.00,-0.0002,-0.0002,-0.0002
21.400,1.6796,-0.0000,-0.0000,0.0293,0.00,-0.0002,-0.0002,-0.0002
21.450,1.6781,-0.0000,-0.0000,0.0293,0.00,-0.0001,-0.0001,-0.0001
21.500,1.6767,-0.0000,-0.0000,0.0293,0.00,-0.0001,-0.0001,-0.0001
21.550,1.6752,-0.0000,-0.0000,0.0293,0.00,-0.0001,-0.0001,-0.0001
21.600,1.6737,-0.0000,-0.0000,0.0293,0.00,-0.0001,-0.0001,-0.0001
21.650,1.6723,-0.0000,-0.0000,0.0293,0.00,-0.0001,-0.0001,-0.0001
21.700,1.6708,-0.0000,-0.0000,0.0293,0.00,-0.0001,-0.0001,-0.0001
21.750,1.6694,-0.0000,-0.0000,0.0293,0.00,-0.0001,-0.0001,-0.0001
21.800,1.6679,-0.0000,-0.0000,0.0293,0.00,-0.0001,-0.0001,-0.0001
21.850,1.6664,-0.0000,-0.0000,0.0293,0.00,-0.0001,-0.0001,-0.0001
21.900,1.6650,-0.0000,-0.0000,0.0293,0.00,-0.0001,-0.0001,-0.0001
21.950,1.6635,-0.0000,-0.0000,0.0293,0.00,-0.0001,-0.0001,-0.0001
22.000,1.6620,-0.0000,-0.0000,0.0293,0.20,-0.5236,-0.4715,-0.5871
22.050,1.6605,0.0001,0.0037,0.0308,0.20,-0.5236,-0.4715,-0.5871
22.100,1.6589,-0.0000,0.0119,0.0324,0.20,-0.5236,-0.4715,-0.5871
22.150,1.6571,-0.0003,0.0224,0.0352,0.20,-0.5236,-0.4715,-0.5871
22.200,1.6550,-0.0006,0.0354,0.0435,0.20,-0.5236,-0.4715,-0.5871
22.250,1.6523,-0.0006,0.0452,0.0529,0.20,-0.5236,-0.4715,-0.5871
22.300,1.6496,-0.0002,0.0488,0.0546,0.20,-0.5236,-0.4715,-0.5871
22.350,1.6474,0.0005,0.0434,0.0477,0.20,-0.5236,-0.4715,-0.5871
22.400,1.6455,0.0010,0.0371,0.0392,0.20,-0.5236,-0.4715,-0.5871
22.450,1.6438,0.0014,0.0314,0.0352,0.20,-0.5236,-0.4715,-0.5871
22.500,1.6422,0.0018,0.0261,0.0327,0.20,-0.5236,-0.4715,-0.5871
22.550,1.6407,0.0021,0.0212,0.0308,0.20,-0.5236,-0.4715,-0.5871
22.600,1.6393,0.0025,0.0168,0.0291,0.20,-0.5236,-0.4715,-0.5871
22.650,1.6379,0.0029,0.0125,0.0283,0.20,-0.5236,-0.4715,-0.5871
22.700,1.6366,0.0034,0.0083,0.0280,0.20,-0.5236,-0.4715,-0.5871
22.750,1.6352,0.0038,0.0042,0.0278,0.20,-0.5236,-0.4715,-0.5871
22.800,1.6339,0.0042,0.0001,0.0277,0.20,-0.5236,-0.4715,-0.5871
22.850,1.6326,0.0046,-0.0040,0.0277,0.20,-0.5236,-0.4715,-0.5871
22.900,1.6313,0.0051,-0.0081,0.0277,0.20,-0.5236,-0.4715,-0.5871
22.950,1.6300,0.0055,-0.0122,0.0277,0.20,-0.5236,-0.4715,-0.5871
23.000,1.6287,0.0060,-0.0163,0.0277,0.20,-0.5236,-0.4715,-0.5871
23.050,1.6274,0.0064,-0.0205,0.0277,0.20,-0.5236,-0.4715,-0.5871
23.100,1.6261,0.0069,-0.0246,0.0277,0.20,-0.5236,-0.4715,-0.5871
23.150,1.6248,0.0074,-0.0287,0.0277,0.20,-0.5236,-0.4715,-0.5871
23.200,1.6234,0.0078,-0.0328,0.0277,0.20,-0.5236,-0.4715,-0.5871
23.250,1.6221,0.0083,-0.0369,0.0277,0.20,-0.5236,-0.4715,-0.5871
23.300,1.6208,0.0088,-0.0410,0.0277,0.20,-0.5236,-0.4715,-0.5871
23.350,1.6195,0.0093,-0.0451,0.0277,0.20,-0.5236,-0.4715,-0.5871
23.400,1.6183,0.0098,-0.0492,0.0277,0.20,-0.5236,-0.4715,-0.5871
23.450,1.6170,0.0103,-0.0533,0.0277,0.20,-0.5236,-0.4715,-0.5871
23.500,1.6157,0.0108,-0.0574,0.0277,0.20,-0.5236,-0.4715,-0.5871
23.550,1.6144,0.0113,-0.0615,0.0277,0.20,-0.5236,-0.4715,-0.5871
23.600,1.6131,0.0118,-0.0656,0.0277,0.20,-0.5236,-0.4715,-0.5871
23.650,1.6118,0.0123,-0.0697,0.0278,0.20,-0.5236,-0.4715,-0.5871
23.700,1.6105,0.0129,-0.0738,0.0278,0.20,-0.5236,-0.4715,-0.5871
23.750,1.6092,0.0134,-0.0779,0.0278,0.20,-0.5236,-0.4715,-0.5871
23.800,1.6080,0.0139,-0.0820,0.0278,0.20,-0.5236,-0.4715,-0.5871
23.850,1.6067,0.0145,-0.0861,0.0278,0.20,-0.5236,-0.4715,-0.5871
23.900,1.6054,0.0150,-0.0902,0.0278,0.20,-0.5236,-0.4715,-0.5871
23.950,1.6041,0.0156,-0.0943,0.0278,0.20,-0.5236,-0.4715,-0.5871
24.000,1.6029,0.0161,-0.0984,0.0278,0.20,-0.5236,-0.4715,-0.5871
24.050,1.6016,0.0167,-0.1025,0.0278,0.20,-0.5236,-0.4715,-0.5871
24.100,1.6003,0.0172,-0.1066,0.0278,0.20,-0.5236,-0.4715,-0.5871
24.150,1.5991,0.0178,-0.1107,0.0278,0.20,-0.5236,-0.4715,-0.5871
24.200,1.5978,0.0184,-0.1148,0.0278,0.20,-0.5236,-0.4715,-0.5871
24.250,1.5965,0.0190,-0.1189,0.0278,0.20,-0.5236,-0.4715,-0.5871
24.300,1.5953,0.0196,-0.1230,0.0278,0.20,-0.5236,-0.4715,-0.5871
24.350,1.5940,0.0202,-0.1271,0.0278,0.20,-0.5236,-0.4715,-0.5871
24.400,1.5928,0.0208,-0.1312,0.0278,0.20,-0.5236,-0.4715,-0.5871
24.450,1.5915,0.0214,-0.1352,0.0278,0.20,-0.5236,-0.4715,-0.5871
24.500,1.5903,0.0220,-0.1393,0.0278,0.20,-0.5236,-0.4715,-0.5871
24.550,1.5890,0.0226,-0.1434,0.0278,0.20,-0.5236,-0.4715,-0.5871
24.600,1.5878,0.0232,-0.1475,0.0278,0.20,-0.5236,-0.4715,-0.5871
24.650,1.5865,0.0238,-0.1516,0.0278,0.20,-0.5236,-0.4715,-0.5871
24.700,1.5853,0.0245,-0.1556,0.0278,0.20,-0.5236,-0.4715,-0.5871
24.750,1.5841,0.0251,-0.1597,0.0278,0.20,-0.5236,-0.4715,-0.5871
24.800,1.5828,0.0257,-0.1638,0.0278,0.20,-0.5236,-0.4715,-0.5871
24.850,1.5816,0.0264,-0.1679,0.0278,0.20,-0.5236,-0.4715,-0.5871
24.900,1.5804,0.0270,-0.1719,0.0278,0.20,-0.5236,-0.4715,-0.5871
24.950,1.5791,0.0277,-0.1760,0.0278,0.20,-0.5236,-0.4715,-0.5871
25.000,1.5779,0.0283,-0.1801,0.0278,0.20,-0.5236,-0.4715,-0.5871
25.050,1.5767,0.0290,-0.1842,0.0278,0.20,-0.5236,-0.4715,-0.5871
25.100,1.5755,0.0297,-0.1882,0.0278,0.20,-0.5236,-0.4715,-0.5871
25.150,1.5743,0.0303,-0.1923,0.0278,0.20,-0.5236,-0.4715,-0.5871
25.200,1.5731,0.0310,-0.1964,0.0278,0.20,-0.5236,-0.4715,-0.5871
25.250,1.5718,0.0317,-0.2004,0.0278,0.20,-0.5236,-0.4715,-0.5871
25.300,1.5706,0.0324,-0.2045,0.0278,0.20,-0.5236,-0.4715,-0.5871
25.350,1.5694,0.0331,-0.2086,0.0278,0.20,-0.5236,-0.4715,-0.5871
25.400,1.5682,0.0338,-0.2126,0.0278,0.20,-0.5236,-0.4715,-0.5871
25.450,1.5670,0.0345,-0.2167,0.0278,0.20,-0.5236,-0.4715,-0.5871
25.500,1.5658,0.0352,-0.2207,0.0278,0.20,-0.5236,-0.4715,-0.5871
25.550,1.5646,0.0359,-0.2248,0.0278,0.20,-0.5236,-0.4715,-0.5871
25.600,1.5634,0.0366,-0.2288,0.0278,0.20,-0.5236,-0.4715,-0.5871
25.650,1.5623,0.0373,-0.2329,0.0278,0.20,-0.5236,-0.4715,-0.5871
25.700,1.5611,0.0381,-0.2369,0.0278,0.20,-0.5236,-0.4715,-0.5871
25.750,1.5599,0.0388,-0.2410,0.0278,0.20,-0.5236,-0.4715,-0.5871
25.800,1.5587,0.0395,-0.2450,0.0278,0.20,-0.5236,-0.4715,-0.5871
25.850,1.5575,0.0403,-0.2490,0.0278,0.20,-0.5236,-0.4715,-0.5871
25.900,1.5563,0.0410,-0.2531,0.0278,0.20,-0.5236,-0.4715,-0.5871
25.950,1.5552,0.0418,-0.2571,0.0278,0.20,-0.5236,-0.4715,-0.5871
26.000,1.5540,0.0425,-0.2611,0.0278,0.20,-0.5236,-0.4715,-0.5871
26.050,1.5528,0.0433,-0.2652,0.0278,0.20,-0.5236,-0.4715,-0.5871
26.100,1.5517,0.0441,-0.2692,0.0278,0.20,-0.5236,-0.4715,-0.5871
26.150,1.5505,0.0448,-0.2732,0.0279,0.20,-0.5236,-0.4715,-0.5871
26.200,1.5494,0.0456,-0.2772,0.0279,0.20,-0.5236,-0.4715,-0.5871
26.250,1.5482,0.0464,-0.2812,0.0279,0.20,-0.5236,-0.4715,-0.5871
26.300,1.5470,0.0472,-0.2852,0.0279,0.20,-0.5236,-0.4715,-0.5871
26.350,1.5459,0.0480,-0.2892,0.0279,0.20,-0.5236,-0.4715,-0.5871
26.400,1.5448,0.0487,-0.2938,0.0267,0.20,-0.5236,-0.4715,-0.5871
26.450,1.5438,0.0495,-0.2987,0.0265,0.20,-0.5236,-0.4715,-0.5871
26.500,1.5426,0.0503,-0.3037,0.0268,0.20,-0.5236,-0.4715,-0.5871
26.550,1.5415,0.0510,-0.3088,0.0269,0.20,-0.5236,-0.4715,-0.5871
26.600,1.5404,0.0518,-0.3139,0.0271,0.20,-0.5236,-0.4715,-0.5871
26.650,1.5393,0.0525,-0.3190,0.0271,0.20,-0.5236,-0.4715,-0.5871
26.700,1.5382,0.0533,-0.3241,0.0271,0.20,-0.5236,-0.4715,-0.5871
26.750,1.5370,0.0540,-0.3292,0.0271,0.20,-0.5236,-0.4715,-0.5871
26.800,1.5359,0.0548,-0.3343,0.0271,0.20,-0.5236,-0.4715,-0.5871
26.850,1.5348,0.0556,-0.3394,0.0271,0.20,-0.5236,-0.4715,-0.5871
26.900,1.5337,0.0564,-0.3446,0.0271,0.20,-0.5236,-0.4715,-0.5871
26.950,1.5326,0.0572,-0.3497,0.0270,0.20,-0.5236,-0.4715,-0.5871
27.000,1.5315,0.0579,-0.3548,0.0270,0.20,-0.5236,-0.4715,-0.5871
27.050,1.5304,0.0587,-0.3599,0.0270,0.20,-0.5236,-0.4715,-0.5871
27.100,1.5293,0.0595,-0.3650,0.0271,0.20,-0.5236,-0.4715,-0.5871
27.150,1.5282,0.0603,-0.3701,0.0271,0.20,-0.5236,-0.4715,-0.5871
27.200,1.5271,0.0611,-0.3752,0.0271,0.20,-0.5236,-0.4715,-0.5871
27.250,1.5261,0.0620,-0.3804,0.0270,0.20,-0.5236,-0.4715,-0.5871
27.300,1.5250,0.0628,-0.3855,0.0270,0.20,-0.5236,-0.4715,-0.5871
27.350,1.5239,0.0636,-0.3906,0.0270,0.20,-0.5236,-0.4715,-0.5871
27.400,1.5228,0.0644,-0.3957,0.0270,0.20,-0.5236,-0.4715,-0.5871
27.450,1.5218,0.0653,-0.4008,0.0270,0.20,-0.5236,-0.4715,-0.5871
27.500,1.5207,0.0661,-0.4059,0.0270,0.20,-0.5236,-0.4715,-0.5871
27.550,1.5197,0.0669,-0.4111,0.0270,0.20,-0.5158,-0.4651,-0.5776
27.600,1.5186,0.0678,-0.4168,0.0265,0.20,-0.5076,-0.4583,-0.5676
27.650,1.5176,0.0686,-0.4226,0.0261,0.20,-0.4974,-0.4498,-0.5551
27.700,1.5166,0.0694,-0.4283,0.0259,0.20,-0.4867,-0.4410,-0.5420
27.750,1.5156,0.0702,-0.4340,0.0256,0.20,-0.4761,-0.4321,-0.5292
27.800,1.5146,0.0710,-0.4396,0.0255,0.20,-0.4655,-0.4232,-0.5163
27.850,1.5136,0.0718,-0.4451,0.0254,0.20,-0.4548,-0.4143,-0.5034
27.900,1.5127,0.0726,-0.4506,0.0255,0.20,-0.4440,-0.4052,-0.4904
27.950,1.5117,0.0734,-0.4559,0.0255,0.20,-0.4334,-0.3962,-0.4777
28.000,1.5107,0.0743,-0.4612,0.0256,0.20,-0.4227,-0.3872,-0.4649
28.050,1.5097,0.0751,-0.4664,0.0256,0.20,-0.4122,-0.3783,-0.4523
28.100,1.5087,0.0759,-0.4715,0.0257,0.20,-0.4017,-0.3693,-0.4398
28.150,1.5077,0.0767,-0.4765,0.0258,0.20,-0.3912,-0.3604,-0.4275
28.200,1.5067,0.0776,-0.4815,0.0259,0.20,-0.3808,-0.3515,-0.4152
28.250,1.5057,0.0784,-0.4863,0.0260,0.20,-0.3705,-0.3426,-0.4031
28.300,1.5047,0.0792,-0.4911,0.0261,0.20,-0.3602,-0.3338,-0.3910
28.350,1.5037,0.0801,-0.4959,0.0262,0.20,-0.3500,-0.3249,-0.3791
28.400,1.5027,0.0809,-0.5005,0.0263,0.20,-0.3399,-0.3161,-0.3673
28.450,1.5017,0.0817,-0.5051,0.0264,0.20,-0.3298,-0.3074,-0.3557
28.500,1.5007,0.0826,-0.5096,0.0265,0.20,-0.3198,-0.2986,-0.3441
28.550,1.4997,0.0834,-0.5140,0.0266,0.20,-0.3099,-0.2899,-0.3327
28.600,1.4986,0.0843,-0.5183,0.0266,0.20,-0.3000,-0.2812,-0.3214
28.650,1.4976,0.0851,-0.5226,0.0267,0.20,-0.2902,-0.2726,-0.3103
28.700,1.4965,0.0860,-0.5267,0.0268,0.20,-0.2805,-0.2640,-0.2992
28.750,1.4955,0.0868,-0.5308,0.0269,0.20,-0.2710,-0.2555,-0.2884
28.800,1.4944,0.0877,-0.5347,0.0271,0.20,-0.2607,-0.2463,-0.2768
28.850,1.4934,0.0885,-0.5387,0.0269,0.20,-0.2546,-0.2408,-0.2700
28.900,1.4923,0.0893,-0.5421,0.0273,0.20,-0.2440,-0.2313,-0.2581
28.950,1.4912,0.0902,-0.5457,0.0273,0.20,-0.2360,-0.2241,-0.2492
29.000,1.4902,0.0910,-0.5492,0.0273,0.20,-0.2275,-0.2164,-0.2397
29.050,1.4891,0.0918,-0.5525,0.0276,0.20,-0.2177,-0.2075,-0.2289
29.100,1.4880,0.0927,-0.5561,0.0274,0.20,-0.2111,-0.2015,-0.2217
29.150,1.4869,0.0935,-0.5592,0.0276,0.20,-0.2004,-0.1917,-0.2099
29.200,1.4858,0.0943,-0.5625,0.0274,0.20,-0.1943,-0.1861,-0.2032
29.250,1.4847,0.0952,-0.5655,0.0276,0.20,-0.1842,-0.1768,-0.1922
29.300,1.4836,0.0960,-0.5686,0.0276,0.20,-0.1770,-0.1702,-0.1844
29.350,1.4825,0.0968,-0.5716,0.0277,0.20,-0.1679,-0.1617,-0.1745
29.400,1.4814,0.0977,-0.5746,0.0277,0.20,-0.1601,-0.1545,-0.1661
29.450,1.4803,0.0985,-0.5774,0.0278,0.20,-0.1517,-0.1466,-0.1571
29.500,1.4791,0.0993,-0.5802,0.0279,0.20,-0.1438,-0.1392,-0.1487
29.550,1.4780,0.1002,-0.5829,0.0280,0.20,-0.1357,-0.1317,-0.1401
29.600,1.4769,0.1010,-0.5855,0.0280,0.20,-0.1278,-0.1241,-0.1316
29.650,1.4758,0.1018,-0.5880,0.0280,0.20,-0.1202,-0.1170,-0.1236
29.700,1.4746,0.1027,-0.5904,0.0281,0.20,-0.1123,-0.1095,-0.1152
29.750,1.4735,0.1035,-0.5928,0.0281,0.20,-0.1049,-0.1025,-0.1075
29.800,1.4723,0.1043,-0.5951,0.0282,0.20,-0.0973,-0.0952,-0.0995
29.850,1.4712,0.1051,-0.5973,0.0282,0.20,-0.0899,-0.0881,-0.0918
29.900,1.4701,0.1060,-0.5995,0.0282,0.20,-0.0824,-0.0809,-0.0840
29.950,1.4689,0.1068,-0.6016,0.0282,0.20,-0.0751,-0.0739,-0.0764
30.000,1.4678,0.1076,-0.6036,0.0283,0.20,-0.0679,-0.0669,-0.0690
30.050,1.4666,0.1084,-0.6056,0.0283,0.20,-0.0608,-0.0599,-0.0616
30.100,1.4655,0.1093,-0.6075,0.0283,0.20,-0.0537,-0.0531,-0.0544
30.150,1.4643,0.1101,-0.6093,0.0284,0.20,-0.0467,-0.0463,-0.0473
30.200,1.4632,0.1109,-0.6110,0.0284,0.20,-0.0399,-0.0395,-0.0402
30.250,1.4620,0.1117,-0.6127,0.0284,0.20,-0.0330,-0.0327,-0.0332
30.300,1.4608,0.1125,-0.6144,0.0284,0.20,-0.0263,-0.0261,-0.0264
30.350,1.4597,0.1134,-0.6159,0.0285,0.20,-0.0196,-0.0195,-0.0197
30.400,1.4585,0.1142,-0.6174,0.0285,0.20,-0.0131,-0.0130,-0.0131
30.450,1.4573,0.1150,-0.6188,0.0285,0.20,-0.0066,-0.0066,-0.0066
30.500,1.4562,0.1158,-0.6201,0.0285,0.20,-0.0002,-0.0002,-0.0002
30.550,1.4550,0.1166,-0.6214,0.0286,0.20,0.0060,0.0061,0.0060
30.600,1.4538,0.1174,-0.6226,0.0286,0.20,0.0122,0.0123,0.0122
30.650,1.4526,0.1182,-0.6237,0.0286,0.20,0.0184,0.0184,0.0183
30.700,1.4514,0.1190,-0.6247,0.0286,0.20,0.0244,0.0245,0.0242
30.750,1.4502,0.1198,-0.6257,0.0286,0.20,0.0303,0.0305,0.0301
30.800,1.4491,0.1206,-0.6267,0.0286,0.20,0.0362,0.0365,0.0359
30.850,1.4479,0.1214,-0.6275,0.0288,0.20,0.0417,0.0421,0.0413
30.900,1.4467,0.1222,-0.6283,0.0288,0.20,0.0491,0.0496,0.0485
30.950,1.4455,0.1230,-0.6292,0.0289,0.20,0.0555,0.0562,0.0548
31.000,1.4443,0.1238,-0.6301,0.0290,0.20,0.0619,0.0628,0.0610
31.050,1.4431,0.1247,-0.6309,0.0291,0.20,0.0686,0.0697,0.0675
31.100,1.4419,0.1255,-0.6317,0.0291,0.20,0.0755,0.0768,0.0742
31.150,1.4406,0.1263,-0.6324,0.0293,0.20,0.0826,0.0842,0.0810
31.200,1.4394,0.1271,-0.6332,0.0294,0.20,0.0891,0.0909,0.0873
31.250,1.4382,0.1280,-0.6338,0.0295,0.20,0.0954,0.0975,0.0933
31.300,1.4370,0.1288,-0.6343,0.0295,0.20,0.1013,0.1037,0.0991
31.350,1.4358,0.1296,-0.6347,0.0296,0.20,0.1071,0.1097,0.1045
31.400,1.4346,0.1305,-0.6349,0.0296,0.20,0.1125,0.1155,0.1097
31.450,1.4333,0.1313,-0.6351,0.0296,0.20,0.1178,0.1210,0.1147
31.500,1.4321,0.1321,-0.6352,0.0295,0.20,0.1229,0.1264,0.1196
31.550,1.4309,0.1329,-0.6352,0.0295,0.20,0.1279,0.1317,0.1243
31.600,1.4296,0.1337,-0.6351,0.0295,0.20,0.1328,0.1370,0.1289
31.650,1.4284,0.1346,-0.6350,0.0295,0.20,0.1377,0.1421,0.1335
31.700,1.4272,0.1354,-0.6348,0.0295,0.20,0.1424,0.1472,0.1380
31.750,1.4260,0.1362,-0.6346,0.0295,0.20,0.1472,0.1523,0.1424
31.800,1.4247,0.1370,-0.6343,0.0295,0.20,0.1513,0.1567,0.1463
31.850,1.4235,0.1378,-0.6340,0.0295,0.20,0.1559,0.1616,0.1506
31.900,1.4222,0.1386,-0.6337,0.0295,0.20,0.1602,0.1663,0.1546
31.950,1.4210,0.1393,-0.6333,0.0295,0.20,0.1647,0.1710,0.1587
32.000,1.4197,0.1401,-0.6329,0.0294,0.20,0.1690,0.1757,0.1627
32.050,1.4185,0.1409,-0.6325,0.0294,0.20,0.1734,0.1805,0.1668
32.100,1.4172,0.1417,-0.6320,0.0294,0.20,0.1776,0.1851,0.1708
32.150,1.4160,0.1425,-0.6315,0.0294,0.20,0.1819,0.1897,0.1747
32.200,1.4147,0.1432,-0.6309,0.0294,0.20,0.1861,0.1943,0.1786
32.250,1.4135,0.1440,-0.6303,0.0294,0.20,0.1902,0.1988,0.1824
32.300,1.4122,0.1448,-0.6296,0.0294,0.20,0.1943,0.2032,0.1861
32.350,1.4110,0.1455,-0.6289,0.0294,0.20,0.1982,0.2076,0.1897
32.400,1.4097,0.1463,-0.6282,0.0294,0.20,0.2021,0.2118,0.1933
32.450,1.4084,0.1471,-0.6274,0.0294,0.20,0.2060,0.2160,0.1968
32.500,1.4072,0.1478,-0.6265,0.0294,0.20,0.2097,0.2201,0.2002
32.550,1.4059,0.1486,-0.6256,0.0294,0.20,0.2134,0.2242,0.2036
32.600,1.4047,0.1493,-0.6247,0.0294,0.20,0.2170,0.2282,0.2069
32.650,1.4034,0.1500,-0.6237,0.0293,0.20,0.2205,0.2321,0.2101
32.700,1.4021,0.1508,-0.6226,0.0293,0.20,0.2240,0.2359,0.2132
32.750,1.4009,0.1515,-0.6216,0.0293,0.20,0.2274,0.2397,0.2163
32.800,1.3996,0.1522,-0.6204,0.0293,0.20,0.2307,0.2433,0.2193
32.850,1.3983,0.1530,-0.6193,0.0293,0.20,0.2340,0.2470,0.2223
32.900,1.3970,0.1537,-0.6181,0.0293,0.20,0.2372,0.2505,0.2252
32.950,1.3958,0.1544,-0.6169,0.0293,0.20,0.2403,0.2540,0.2280
33.000,1.3945,0.1551,-0.6156,0.0293,0.20,0.2434,0.2575,0.2308
33.050,1.3932,0.1558,-0.6143,0.0292,0.20,0.2464,0.2608,0.2335
33.100,1.3919,0.1566,-0.6129,0.0292,0.20,0.2494,0.2641,0.2361
33.150,1.3907,0.1573,-0.6115,0.0292,0.20,0.2522,0.2674,0.2387
33.200,1.3894,0.1580,-0.6101,0.0292,0.20,0.2551,0.2705,0.2413
33.250,1.3881,0.1587,-0.6086,0.0292,0.20,0.2578,0.2736,0.2437
33.300,1.3868,0.1594,-0.6071,0.0292,0.20,0.2605,0.2767,0.2462
33.350,1.3855,0.1600,-0.6056,0.0292,0.20,0.2632,0.2796,0.2485
33.400,1.3843,0.1607,-0.6041,0.0291,0.20,0.2658,0.2825,0.2508
33.450,1.3830,0.1614,-0.6025,0.0291,0.20,0.2683,0.2854,0.2531
33.500,1.3817,0.1621,-0.6008,0.0291,0.20,0.2708,0.2882,0.2553
33.550,1.3804,0.1628,-0.5992,0.0291,0.20,0.2728,0.2905,0.2571
33.600,1.3791,0.1634,-0.5974,0.0291,0.20,0.2750,0.2930,0.2591
33.650,1.3778,0.1641,-0.5956,0.0291,0.20,0.2771,0.2954,0.2609
33.700,1.3765,0.1648,-0.5938,0.0291,0.20,0.2792,0.2978,0.2628
33.750,1.3752,0.1654,-0.5920,0.0290,0.20,0.2813,0.3001,0.2646
33.800,1.3739,0.1661,-0.5901,0.0290,0.20,0.2833,0.3024,0.2664
33.850,1.3726,0.1667,-0.5882,0.0290,0.20,0.2853,0.3046,0.2682
33.900,1.3713,0.1674,-0.5863,0.0290,0.20,0.2873,0.3069,0.2699
33.950,1.3700,0.1680,-0.5844,0.0290,0.20,0.2892,0.3090,0.2716
34.000,1.3687,0.1686,-0.5825,0.0290,0.20,0.2910,0.3112,0.2733
34.050,1.3674,0.1693,-0.5805,0.0290,0.20,0.2929,0.3133,0.2749
34.100,1.3661,0.1699,-0.5785,0.0290,0.20,0.2946,0.3153,0.2765
34.150,1.3648,0.1705,-0.5765,0.0289,0.20,0.2964,0.3172,0.2780
34.200,1.3635,0.1711,-0.5744,0.0289,0.20,0.2980,0.3191,0.2795
34.250,1.3622,0.1717,-0.5724,0.0289,0.20,0.2997,0.3210,0.2809
34.300,1.3609,0.1723,-0.5703,0.0289,0.20,0.3012,0.3228,0.2823
34.350,1.3596,0.1730,-0.5682,0.0289,0.20,0.3029,0.3247,0.2837
34.400,1.3582,0.1736,-0.5660,0.0289,0.20,0.3031,0.3249,0.2839
34.450,1.3569,0.1741,-0.5636,0.0289,0.20,0.3042,0.3262,0.2849
34.500,1.3556,0.1747,-0.5612,0.0289,0.20,0.3052,0.3274,0.2858
34.550,1.3543,0.1753,-0.5589,0.0288,0.20,0.3061,0.3284,0.2866
34.600,1.3530,0.1759,-0.5565,0.0288,0.20,0.3071,0.3296,0.2875
34.650,1.3516,0.1765,-0.5541,0.0288,0.20,0.3081,0.3307,0.2883
34.700,1.3503,0.1770,-0.5517,0.0288,0.20,0.3089,0.3316,0.2891
34.750,1.3490,0.1776,-0.5494,0.0288,0.20,0.3099,0.3327,0.2899
34.800,1.3477,0.1781,-0.5470,0.0288,0.20,0.3108,0.3337,0.2907
34.850,1.3463,0.1787,-0.5446,0.0288,0.20,0.3117,0.3348,0.2915
34.900,1.3450,0.1792,-0.5422,0.0288,0.20,0.3126,0.3358,0.2923
34.950,1.3437,0.1798,-0.5398,0.0288,0.20,0.3134,0.3368,0.2930
35.000,1.3423,0.1803,-0.5373,0.0287,0.20,0.3142,0.3377,0.2937
35.050,1.3410,0.1809,-0.5349,0.0287,0.20,0.3150,0.3386,0.2944
35.100,1.3397,0.1814,-0.5325,0.0287,0.20,0.3157,0.3394,0.2950
35.150,1.3383,0.1819,-0.5300,0.0287,0.20,0.3164,0.3402,0.2956
35.200,1.3370,0.1825,-0.5275,0.0287,0.20,0.3171,0.3410,0.2962
35.250,1.3357,0.1830,-0.5251,0.0287,0.20,0.3177,0.3417,0.2968
35.300,1.3343,0.1835,-0.5226,0.0287,0.20,0.3183,0.3424,0.2973
35.350,1.3330,0.1840,-0.5201,0.0287,0.20,0.3188,0.3430,0.2978
35.400,1.3316,0.1845,-0.5176,0.0287,0.20,0.3193,0.3436,0.2982
35.450,1.3303,0.1850,-0.5150,0.0287,0.20,0.3198,0.3441,0.2986
35.500,1.3290,0.1855,-0.5125,0.0287,0.20,0.3203,0.3446,0.2990
35.550,1.3276,0.1860,-0.5100,0.0287,0.20,0.3207,0.3451,0.2994
35.600,1.3263,0.1865,-0.5074,0.0287,0.20,0.3211,0.3456,0.2997
35.650,1.3249,0.1870,-0.5048,0.0286,0.20,0.3214,0.3460,0.3000
35.700,1.3236,0.1875,-0.5023,0.0286,0.20,0.3217,0.3463,0.3003
35.750,1.3222,0.1880,-0.4997,0.0286,0.20,0.3220,0.3467,0.3006
35.800,1.3209,0.1885,-0.4971,0.0286,0.20,0.3223,0.3470,0.3008
35.850,1.3195,0.1889,-0.4945,0.0286,0.20,0.3225,0.3472,0.3010
35.900,1.3182,0.1894,-0.4920,0.0286,0.20,0.3227,0.3475,0.3012
35.950,1.3168,0.1899,-0.4894,0.0286,0.20,0.3229,0.3477,0.3013
36.000,1.3155,0.1903,-0.4868,0.0286,0.20,0.3230,0.3478,0.3014
36.050,1.3141,0.1908,-0.4841,0.0286,0.20,0.3232,0.3480,0.3015
36.100,1.3128,0.1913,-0.4815,0.0286,0.20,0.3233,0.3481,0.3016
36.150,1.3114,0.1917,-0.4789,0.0286,0.20,0.3233,0.3482,0.3017
36.200,1.3101,0.1922,-0.4763,0.0286,0.20,0.3233,0.3482,0.3017
36.250,1.3087,0.1926,-0.4737,0.0286,0.20,0.3234,0.3482,0.3017
36.300,1.3074,0.1931,-0.4710,0.0286,0.20,0.3233,0.3482,0.3017
36.350,1.3060,0.1935,-0.4684,0.0286,0.20,0.3233,0.3481,0.3017
36.400,1.3046,0.1939,-0.4658,0.0286,0.20,0.3232,0.3481,0.3016
36.450,1.3033,0.1944,-0.4631,0.0285,0.20,0.3231,0.3480,0.3015
36.500,1.3019,0.1948,-0.4605,0.0285,0.20,0.3230,0.3478,0.3014
36.550,1.3005,0.1952,-0.4578,0.0285,0.20,0.3229,0.3477,0.3013
36.600,1.2992,0.1956,-0.4552,0.0285,0.20,0.3227,0.3475,0.3012
36.650,1.2978,0.1960,-0.4525,0.0285,0.20,0.3225,0.3472,0.3010
36.700,1.2965,0.1965,-0.4499,0.0285,0.20,0.3223,0.3470,0.3008
36.750,1.2951,0.1969,-0.4472,0.0285,0.20,0.3221,0.3467,0.3006
36.800,1.2937,0.1973,-0.4446,0.0285,0.20,0.3218,0.3464,0.3004
36.850,1.2924,0.1977,-0.4419,0.0285,0.20,0.3215,0.3461,0.3001
36.900,1.2910,0.1981,-0.4393,0.0285,0.20,0.3212,0.3458,0.2999
36.950,1.2896,0.1985,-0.4366,0.0285,0.20,0.3209,0.3454,0.2996
37.000,1.2882,0.1989,-0.4340,0.0285,0.20,0.3206,0.3450,0.2993
37.050,1.2869,0.1992,-0.4313,0.0285,0.20,0.3202,0.3446,0.2990
37.100,1.2855,0.1996,-0.4286,0.0285,0.20,0.3198,0.3441,0.2986
37.150,1.2841,0.2000,-0.4260,0.0285,0.20,0.3194,0.3437,0.2983
37.200,1.2828,0.2004,-0.4233,0.0285,0.20,0.3190,0.3432,0.2979
37.250,1.2814,0.2008,-0.4207,0.0285,0.20,0.3186,0.3427,0.2975
37.300,1.2800,0.2011,-0.4180,0.0285,0.20,0.3181,0.3421,0.2971
37.350,1.2786,0.2015,-0.4154,0.0285,0.20,0.3176,0.3416,0.2967
37.400,1.2772,0.2019,-0.4127,0.0285,0.20,0.3171,0.3410,0.2962
37.450,1.2759,0.2022,-0.4101,0.0285,0.20,0.3166,0.3404,0.2958
37.500,1.2745,0.2026,-0.4074,0.0285,0.20,0.3161,0.3398,0.2953
37.550,1.2731,0.2029,-0.4048,0.0285,0.20,0.3155,0.3392,0.2948
37.600,1.2717,0.2033,-0.4022,0.0285,0.20,0.3149,0.3385,0.2943
37.650,1.2703,0.2036,-0.3995,0.0285,0.20,0.3143,0.3378,0.2938
37.700,1.2690,0.2040,-0.3969,0.0285,0.20,0.3137,0.3371,0.2933
37.750,1.2676,0.2043,-0.3943,0.0285,0.20,0.3131,0.3364,0.2927
37.800,1.2662,0.2047,-0.3916,0.0285,0.20,0.3125,0.3357,0.2922
37.850,1.2648,0.2050,-0.3890,0.0285,0.20,0.3118,0.3349,0.2916
37.900,1.2634,0.2053,-0.3864,0.0285,0.20,0.3112,0.3342,0.2910
37.950,1.2620,0.2056,-0.3838,0.0285,0.20,0.3105,0.3334,0.2904
38.000,1.2607,0.2060,-0.3811,0.0285,0.20,0.3098,0.3326,0.2898
38.050,1.2593,0.2063,-0.3785,0.0285,0.20,0.3091,0.3318,0.2892
38.100,1.2579,0.2066,-0.3759,0.0285,0.20,0.3083,0.3309,0.2885
38.150,1.2565,0.2069,-0.3733,0.0285,0.20,0.3076,0.3301,0.2879
38.200,1.2551,0.2072,-0.3707,0.0285,0.20,0.3068,0.3292,0.2872
38.250,1.2537,0.2075,-0.3681,0.0285,0.20,0.3060,0.3283,0.2865
38.300,1.2523,0.2079,-0.3656,0.0285,0.20,0.3053,0.3274,0.2858
38.350,1.2509,0.2082,-0.3630,0.0285,0.20,0.3045,0.3265,0.2851
38.400,1.2495,0.2085,-0.3604,0.0285,0.20,0.3036,0.3256,0.2844
38.450,1.2481,0.2087,-0.3578,0.0285,0.20,0.3028,0.3246,0.2837
38.500,1.2467,0.2090,-0.3553,0.0285,0.20,0.3020,0.3237,0.2830
38.550,1.2453,0.2093,-0.3527,0.0285,0.20,0.3011,0.3227,0.2822
38.600,1.2439,0.2096,-0.3501,0.0285,0.20,0.3003,0.3217,0.2814
38.650,1.2426,0.2099,-0.3476,0.0285,0.20,0.2994,0.3207,0.2807
38.700,1.2412,0.2102,-0.3450,0.0285,0.20,0.2985,0.3197,0.2799
38.750,1.2398,0.2105,-0.3425,0.0285,0.20,0.2976,0.3187,0.2791
38.800,1.2384,0.2107,-0.3400,0.0285,0.20,0.2967,0.3176,0.2783
38.850,1.2370,0.2110,-0.3374,0.0285,0.20,0.2958,0.3166,0.2775
38.900,1.2356,0.2113,-0.3349,0.0285,0.20,0.2949,0.3155,0.2767
38.950,1.2342,0.2115,-0.3324,0.0285,0.20,0.2939,0.3144,0.2758
39.000,1.2328,0.2118,-0.3299,0.0285,0.20,0.2930,0.3134,0.2750
39.050,1.2314,0.2121,-0.3274,0.0285,0.20,0.2920,0.3123,0.2741
39.100,1.2300,0.2123,-0.3249,0.0285,0.20,0.2910,0.3112,0.2733
39.150,1.2285,0.2126,-0.3224,0.0285,0.20,0.2900,0.3100,0.2724
39.200,1.2271,0.2128,-0.3200,0.0285,0.20,0.2890,0.3089,0.2715
39.250,1.2257,0.2131,-0.3175,0.0285,0.20,0.2880,0.3078,0.2706
39.300,1.2243,0.2133,-0.3150,0.0285,0.20,0.2870,0.3066,0.2697
39.350,1.2229,0.2136,-0.3126,0.0285,0.20,0.2860,0.3055,0.2688
39.400,1.2215,0.2138,-0.3101,0.0285,0.20,0.2850,0.3043,0.2679
39.450,1.2201,0.2140,-0.3077,0.0285,0.20,0.2840,0.3031,0.2670
39.500,1.2187,0.2143,-0.3052,0.0285,0.20,0.2829,0.3019,0.2661
39.550,1.2173,0.2145,-0.3028,0.0285,0.20,0.2819,0.3007,0.2652
39.600,1.2159,0.2147,-0.3004,0.0285,0.20,0.2808,0.2995,0.2642
39.650,1.2145,0.2150,-0.2980,0.0286,0.20,0.2797,0.2983,0.2633
39.700,1.2131,0.2152,-0.2956,0.0286,0.20,0.2787,0.2971,0.2623
39.750,1.2117,0.2154,-0.2932,0.0286,0.20,0.2776,0.2959,0.2613
39.800,1.2102,0.2156,-0.2908,0.0286,0.20,0.2765,0.2946,0.2604
39.850,1.2088,0.2159,-0.2884,0.0286,0.20,0.2754,0.2934,0.2594
39.900,1.2074,0.2161,-0.2860,0.0286,0.20,0.2743,0.2922,0.2584
39.950,1.2060,0.2163,-0.2837,0.0286,0.20,0.2732,0.2909,0.2574
40.000,1.2046,0.2165,-0.2813,0.0286,0.20,0.2721,0.2896,0.2564
40.050,1.2032,0.2167,-0.2790,0.0286,0.20,0.2709,0.2884,0.2554
40.100,1.2018,0.2169,-0.2767,0.0286,0.20,0.2698,0.2871,0.2544
40.150,1.2004,0.2171,-0.2743,0.0286,0.20,0.2687,0.2858,0.2534
40.200,1.1989,0.2173,-0.2720,0.0286,0.20,0.2675,0.2845,0.2524
40.250,1.1975,0.2175,-0.2697,0.0286,0.20,0.2664,0.2833,0.2514
40.300,1.1961,0.2177,-0.2674,0.0286,0.20,0.2652,0.2820,0.2504
40.350,1.1947,0.2179,-0.2651,0.0286,0.20,0.2641,0.2807,0.2493
40.400,1.1933,0.2181,-0.2629,0.0286,0.20,0.2629,0.2793,0.2483
40.450,1.1919,0.2183,-0.2606,0.0286,0.20,0.2618,0.2780,0.2472
40.500,1.1904,0.2184,-0.2583,0.0286,0.20,0.2606,0.2767,0.2462
40.550,1.1890,0.2186,-0.2561,0.0286,0.20,0.2594,0.2754,0.2451
40.600,1.1876,0.2188,-0.2538,0.0286,0.20,0.2582,0.2741,0.2441
40.650,1.1862,0.2190,-0.2516,0.0286,0.20,0.2570,0.2727,0.2430
40.700,1.1848,0.2191,-0.2494,0.0286,0.20,0.2559,0.2714,0.2420
40.750,1.1833,0.2193,-0.2472,0.0286,0.20,0.2547,0.2701,0.2409
40.800,1.1819,0.2195,-0.2449,0.0286,0.20,0.2535,0.2687,0.2398
40.850,1.1805,0.2197,-0.2427,0.0286,0.20,0.2523,0.2674,0.2387
40.900,1.1791,0.2198,-0.2406,0.0286,0.20,0.2511,0.2660,0.2377
40.950,1.1776,0.2200,-0.2384,0.0286,0.20,0.2499,0.2647,0.2366
41.000,1.1762,0.2201,-0.2362,0.0287,0.20,0.2486,0.2633,0.2355
41.050,1.1748,0.2203,-0.2341,0.0287,0.20,0.2474,0.2620,0.2344
41.100,1.1734,0.2205,-0.2319,0.0287,0.20,0.2462,0.2606,0.2333
41.150,1.1719,0.2206,-0.2298,0.0287,0.20,0.2450,0.2592,0.2322
41.200,1.1705,0.2208,-0.2276,0.0287,0.20,0.2438,0.2579,0.2311
41.250,1.1691,0.2209,-0.2255,0.0287,0.20,0.2425,0.2565,0.2300
41.300,1.1677,0.2211,-0.2234,0.0287,0.20,0.2413,0.2551,0.2289
41.350,1.1662,0.2212,-0.2213,0.0287,0.20,0.2401,0.2537,0.2278
41.400,1.1648,0.2214,-0.2192,0.0287,0.20,0.2388,0.2524,0.2267
41.450,1.1634,0.2215,-0.2171,0.0287,0.20,0.2376,0.2510,0.2255
41.500,1.1620,0.2216,-0.2151,0.0287,0.20,0.2364,0.2496,0.2244
41.550,1.1605,0.2218,-0.2130,0.0287,0.20,0.2351,0.2482,0.2233
41.600,1.1591,0.2219,-0.2110,0.0287,0.20,0.2339,0.2469,0.2222
41.650,1.1577,0.2220,-0.2089,0.0287,0.20,0.2326,0.2455,0.2211
41.700,1.1562,0.2222,-0.2069,0.0287,0.20,0.2314,0.2441,0.2199
41.750,1.1548,0.2223,-0.2049,0.0287,0.20,0.2302,0.2427,0.2188
41.800,1.1534,0.2224,-0.2029,0.0287,0.20,0.2289,0.2413,0.2177
41.850,1.1520,0.2226,-0.2009,0.0287,0.20,0.2277,0.2400,0.2166
41.900,1.1505,0.2227,-0.1989,0.0287,0.20,0.2264,0.2386,0.2154
41.950,1.1491,0.2228,-0.1969,0.0287,0.20,0.2252,0.2372,0.2143
42.000,1.1477,0.2229,-0.1950,0.0287,0.20,0.2239,0.2358,0.2132
42.050,1.1462,0.2230,-0.1930,0.0287,0.20,0.2227,0.2344,0.2120
42.100,1.1448,0.2231,-0.1911,0.0287,0.20,0.2214,0.2330,0.2109
42.150,1.1434,0.2233,-0.1891,0.0287,0.20,0.2202,0.2317,0.2097
42.200,1.1419,0.2234,-0.1872,0.0288,0.20,0.2189,0.2303,0.2086
42.250,1.1405,0.2235,-0.1853,0.0288,0.20,0.2177,0.2289,0.2075
42.300,1.1391,0.2236,-0.1834,0.0288,0.20,0.2164,0.2275,0.2063
42.350,1.1376,0.2237,-0.1815,0.0288,0.20,0.2151,0.2261,0.2052
42.400,1.1362,0.2238,-0.1796,0.0288,0.20,0.2139,0.2247,0.2040
42.450,1.1348,0.2239,-0.1777,0.0288,0.20,0.2126,0.2233,0.2029
42.500,1.1333,0.2240,-0.1758,0.0288,0.20,0.2114,0.2220,0.2017
42.550,1.1319,0.2241,-0.1740,0.0288,0.20,0.2101,0.2206,0.2006
42.600,1.1304,0.2242,-0.1721,0.0288,0.20,0.2089,0.2192,0.1994
42.650,1.1290,0.2243,-0.1703,0.0288,0.20,0.2076,0.2178,0.1983
42.700,1.1276,0.2244,-0.1685,0.0288,0.20,0.2063,0.2164,0.1971
42.750,1.1261,0.2245,-0.1667,0.0288,0.20,0.2051,0.2150,0.1960
42.800,1.1247,0.2246,-0.1649,0.0288,0.20,0.2038,0.2137,0.1949
42.850,1.1233,0.2247,-0.1631,0.0288,0.20,0.2026,0.2123,0.1937
42.900,1.1218,0.2247,-0.1613,0.0288,0.20,0.2013,0.2109,0.1926
42.950,1.1204,0.2248,-0.1595,0.0288,0.20,0.2001,0.2095,0.1914
43.000,1.1189,0.2249,-0.1578,0.0288,0.20,0.1988,0.2082,0.1903
43.050,1.1175,0.2250,-0.1560,0.0288,0.20,0.1976,0.2068,0.1891
43.100,1.1161,0.2251,-0.1543,0.0288,0.20,0.1963,0.2054,0.1880
43.150,1.1146,0.2252,-0.1525,0.0288,0.20,0.1951,0.2041,0.1868
43.200,1.1132,0.2252,-0.1508,0.0288,0.20,0.1938,0.2027,0.1857
43.250,1.1118,0.2253,-0.1491,0.0288,0.20,0.1926,0.2013,0.1845
43.300,1.1103,0.2254,-0.1474,0.0288,0.20,0.1913,0.2000,0.1834
43.350,1.1089,0.2255,-0.1457,0.0288,0.20,0.1901,0.1986,0.1822
43.400,1.1074,0.2255,-0.1440,0.0289,0.20,0.1888,0.1973,0.1811
43.450,1.1060,0.2256,-0.1423,0.0289,0.20,0.1876,0.1959,0.1799
43.500,1.1045,0.2257,-0.1407,0.0289,0.20,0.1863,0.1946,0.1788
43.550,1.1031,0.2257,-0.1390,0.0289,0.20,0.1851,0.1932,0.1777
43.600,1.1017,0.2258,-0.1374,0.0289,0.20,0.1839,0.1919,0.1765
43.650,1.1002,0.2259,-0.1358,0.0289,0.20,0.1826,0.1905,0.1754
43.700,1.0988,0.2259,-0.1341,0.0289,0.20,0.1814,0.1892,0.1742
43.750,1.0973,0.2260,-0.1325,0.0289,0.20,0.1802,0.1878,0.1731
43.800,1.0959,0.2260,-0.1309,0.0289,0.20,0.1789,0.1865,0.1720
43.850,1.0944,0.2261,-0.1293,0.0289,0.20,0.1777,0.1852,0.1708
43.900,1.0930,0.2261,-0.1277,0.0289,0.20,0.1765,0.1838,0.1697
43.950,1.0916,0.2262,-0.1262,0.0289,0.20,0.1753,0.1825,0.1686
44.000,1.0901,0.2263,-0.1246,0.0289,0.20,0.1740,0.1812,0.1674
44.050,1.0887,0.2263,-0.1231,0.0289,0.20,0.1728,0.1799,0.1663
44.100,1.0872,0.2264,-0.1215,0.0289,0.20,0.1716,0.1785,0.1652
44.150,1.0858,0.2264,-0.1200,0.0289,0.20,0.1704,0.1772,0.1640
44.200,1.0843,0.2265,-0.1185,0.0289,0.20,0.1692,0.1759,0.1629
44.250,1.0829,0.2265,-0.1170,0.0289,0.20,0.1680,0.1746,0.1618
44.300,1.0815,0.2265,-0.1155,0.0289,0.20,0.1668,0.1733,0.1607
44.350,1.0800,0.2266,-0.1140,0.0289,0.20,0.1656,0.1720,0.1596
44.400,1.0786,0.2266,-0.1125,0.0289,0.20,0.1643,0.1707,0.1584
44.450,1.0771,0.2267,-0.1110,0.0289,0.20,0.1632,0.1694,0.1573
44.500,1.0757,0.2267,-0.1096,0.0289,0.20,0.1620,0.1681,0.1562
44.550,1.0742,0.2268,-0.1081,0.0289,0.20,0.1608,0.1669,0.1551
44.600,1.0728,0.2268,-0.1067,0.0289,0.20,0.1596,0.1656,0.1540
44.650,1.0713,0.2268,-0.1052,0.0289,0.20,0.1584,0.1643,0.1529
44.700,1.0699,0.2269,-0.1038,0.0289,0.20,0.1572,0.1630,0.1518
44.750,1.0684,0.2269,-0.1024,0.0290,0.20,0.1560,0.1618,0.1507
44.800,1.0670,0.2269,-0.1010,0.0290,0.20,0.1548,0.1605,0.1496
44.850,1.0655,0.2270,-0.0996,0.0290,0.20,0.1537,0.1592,0.1485
44.900,1.0641,0.2270,-0.0982,0.0290,0.20,0.1525,0.1580,0.1474
44.950,1.0626,0.2270,-0.0969,0.0290,0.20,0.1513,0.1567,0.1463
45.000,1.0612,0.2271,-0.0955,0.0290,0.20,0.1502,0.1555,0.1452
45.050,1.0597,0.2271,-0.0941,0.0290,0.20,0.1490,0.1542,0.1441
45.100,1.0583,0.2271,-0.0928,0.0290,0.20,0.1478,0.1530,0.1430
45.150,1.0569,0.2271,-0.0915,0.0290,0.20,0.1467,0.1518,0.1419
45.200,1.0554,0.2272,-0.0901,0.0290,0.20,0.1455,0.1505,0.1409
45.250,1.0540,0.2272,-0.0888,0.0290,0.20,0.1444,0.1493,0.1398
45.300,1.0525,0.2272,-0.0875,0.0290,0.20,0.1432,0.1481,0.1387
45.350,1.0511,0.2272,-0.0862,0.0290,0.20,0.1421,0.1469,0.1377
45.400,1.0496,0.2272,-0.0849,0.0290,0.20,0.1410,0.1456,0.1366
45.450,1.0482,0.2273,-0.0837,0.0290,0.20,0.1398,0.1444,0.1355
45.500,1.0467,0.2273,-0.0824,0.0290,0.20,0.1387,0.1432,0.1345
45.550,1.0453,0.2273,-0.0811,0.0290,0.20,0.1376,0.1420,0.1334
45.600,1.0438,0.2273,-0.0799,0.0290,0.20,0.1365,0.1408,0.1323
45.650,1.0424,0.2273,-0.0786,0.0290,0.20,0.1353,0.1396,0.1313
45.700,1.0409,0.2273,-0.0774,0.0290,0.20,0.1342,0.1385,0.1302
45.750,1.0395,0.2273,-0.0762,0.0290,0.20,0.1331,0.1373,0.1292
45.800,1.0380,0.2274,-0.0750,0.0290,0.20,0.1320,0.1361,0.1282
45.850,1.0366,0.2274,-0.0738,0.0290,0.20,0.1309,0.1349,0.1271
45.900,1.0351,0.2274,-0.0726,0.0290,0.20,0.1298,0.1338,0.1261
45.950,1.0336,0.2274,-0.0714,0.0290,0.20,0.1287,0.1326,0.1251
46.000,1.0322,0.2274,-0.0702,0.0290,0.20,0.1276,0.1315,0.1240
46.050,1.0307,0.2274,-0.0691,0.0290,0.20,0.1266,0.1303,0.1230
46.100,1.0293,0.2274,-0.0679,0.0290,0.20,0.1255,0.1292,0.1220
46.150,1.0278,0.2274,-0.0668,0.0290,0.20,0.1244,0.1280,0.1210
46.200,1.0264,0.2274,-0.0656,0.0290,0.20,0.1233,0.1269,0.1199
46.250,1.0249,0.2274,-0.0645,0.0290,0.20,0.1223,0.1258,0.1189
46.300,1.0235,0.2274,-0.0634,0.0290,0.20,0.1212,0.1246,0.1179
46.350,1.0220,0.2274,-0.0623,0.0290,0.20,0.1201,0.1235,0.1169
46.400,1.0206,0.2274,-0.0612,0.0291,0.20,0.1191,0.1224,0.1159
46.450,1.0191,0.2274,-0.0601,0.0291,0.20,0.1180,0.1213,0.1149
46.500,1.0177,0.2274,-0.0590,0.0291,0.20,0.1170,0.1202,0.1139
46.550,1.0162,0.2274,-0.0579,0.0291,0.20,0.1159,0.1191,0.1130
46.600,1.0148,0.2274,-0.0569,0.0291,0.20,0.1149,0.1180,0.1120
46.650,1.0133,0.2274,-0.0558,0.0291,0.20,0.1139,0.1169,0.1110
46.700,1.0119,0.2274,-0.0548,0.0291,0.20,0.1128,0.1158,0.1100
46.750,1.0104,0.2274,-0.0537,0.0291,0.20,0.1118,0.1147,0.1090
46.800,1.0090,0.2274,-0.0527,0.0291,0.20,0.1108,0.1137,0.1081
46.850,1.0075,0.2274,-0.0517,0.0291,0.20,0.1098,0.1126,0.1071
46.900,1.0060,0.2274,-0.0507,0.0291,0.20,0.1088,0.1115,0.1061
46.950,1.0046,0.2274,-0.0497,0.0291,0.20,0.1078,0.1105,0.1052
47.000,1.0031,0.2274,-0.0487,0.0291,0.20,0.1068,0.1094,0.1042
47.050,1.0017,0.2274,-0.0477,0.0291,0.20,0.1058,0.1084,0.1033
47.100,1.0002,0.2274,-0.0467,0.0291,0.20,0.1048,0.1073,0.1023
47.150,0.9988,0.2274,-0.0457,0.0291,0.20,0.1038,0.1063,0.1014
47.200,0.9973,0.2273,-0.0448,0.0291,0.20,0.1028,0.1053,0.1005
47.250,0.9959,0.2273,-0.0438,0.0291,0.20,0.1018,0.1043,0.0995
47.300,0.9944,0.2273,-0.0429,0.0291,0.20,0.1009,0.1032,0.0986
47.350,0.9930,0.2273,-0.0419,0.0291,0.20,0.0999,0.1022,0.0977
47.400,0.9915,0.2273,-0.0410,0.0291,0.20,0.0989,0.1012,0.0967
47.450,0.9900,0.2273,-0.0401,0.0291,0.20,0.0980,0.1002,0.0958
47.500,0.9886,0.2273,-0.0392,0.0291,0.20,0.0970,0.0992,0.0949
47.550,0.9871,0.2273,-0.0383,0.0291,0.20,0.0961,0.0982,0.0940
47.600,0.9857,0.2272,-0.0374,0.0291,0.20,0.0951,0.0972,0.0931
47.650,0.9842,0.2272,-0.0365,0.0291,0.20,0.0942,0.0963,0.0922
47.700,0.9828,0.2272,-0.0356,0.0291,0.20,0.0932,0.0953,0.0913
47.750,0.9813,0.2272,-0.0347,0.0291,0.20,0.0923,0.0943,0.0904
47.800,0.9799,0.2272,-0.0339,0.0291,0.20,0.0914,0.0933,0.0895
47.850,0.9784,0.2271,-0.0330,0.0291,0.20,0.0905,0.0924,0.0886
47.900,0.9769,0.2271,-0.0322,0.0291,0.20,0.0896,0.0914,0.0878
47.950,0.9755,0.2271,-0.0313,0.0291,0.20,0.0886,0.0905,0.0869
48.000,0.9740,0.2271,-0.0305,0.0291,0.20,0.0877,0.0895,0.0860
48.050,0.9726,0.2271,-0.0297,0.0291,0.20,0.0868,0.0886,0.0852
48.100,0.9711,0.2270,-0.0289,0.0291,0.20,0.0859,0.0877,0.0843
48.150,0.9697,0.2270,-0.0280,0.0291,0.20,0.0851,0.0867,0.0834
48.200,0.9682,0.2270,-0.0272,0.0291,0.20,0.0842,0.0858,0.0826
48.250,0.9668,0.2270,-0.0264,0.0291,0.20,0.0833,0.0849,0.0817
48.300,0.9653,0.2270,-0.0257,0.0291,0.20,0.0824,0.0840,0.0809
48.350,0.9638,0.2269,-0.0249,0.0291,0.20,0.0815,0.0831,0.0800
48.400,0.9624,0.2269,-0.0241,0.0291,0.20,0.0807,0.0822,0.0792
48.450,0.9609,0.2269,-0.0234,0.0291,0.20,0.0798,0.0813,0.0784
48.500,0.9595,0.2269,-0.0226,0.0291,0.20,0.0790,0.0804,0.0776
48.550,0.9580,0.2268,-0.0218,0.0291,0.20,0.0781,0.0795,0.0767
48.600,0.9566,0.2268,-0.0211,0.0291,0.20,0.0773,0.0786,0.0759
48.650,0.9551,0.2268,-0.0204,0.0291,0.20,0.0764,0.0778,0.0751
48.700,0.9536,0.2267,-0.0196,0.0291,0.20,0.0756,0.0769,0.0743
48.750,0.9522,0.2267,-0.0189,0.0292,0.20,0.0748,0.0761,0.0735
48.800,0.9507,0.2267,-0.0182,0.0292,0.20,0.0739,0.0752,0.0727
48.850,0.9493,0.2267,-0.0175,0.0292,0.20,0.0731,0.0744,0.0719
48.900,0.9478,0.2266,-0.0168,0.0292,0.20,0.0723,0.0735,0.0711
48.950,0.9464,0.2266,-0.0161,0.0292,0.20,0.0715,0.0727,0.0703
49.000,0.9449,0.2266,-0.0154,0.0292,0.20,0.0707,0.0719,0.0696
49.050,0.9434,0.2265,-0.0148,0.0292,0.20,0.0699,0.0710,0.0688
49.100,0.9420,0.2265,-0.0141,0.0292,0.20,0.0691,0.0702,0.0680
49.150,0.9405,0.2265,-0.0134,0.0292,0.20,0.0683,0.0694,0.0672
49.200,0.9391,0.2265,-0.0128,0.0292,0.20,0.0675,0.0685,0.0665
49.250,0.9376,0.2264,-0.0121,0.0292,0.20,0.0667,0.0677,0.0657
49.300,0.9362,0.2264,-0.0114,0.0292,0.20,0.0659,0.0669,0.0649
49.350,0.9347,0.2264,-0.0108,0.0292,0.20,0.0651,0.0661,0.0642
49.400,0.9332,0.2263,-0.0102,0.0292,0.20,0.0644,0.0653,0.0634
49.450,0.9318,0.2263,-0.0095,0.0292,0.20,0.0636,0.0645,0.0627
49.500,0.9303,0.2263,-0.0089,0.0292,0.20,0.0628,0.0638,0.0620
49.550,0.9289,0.2262,-0.0083,0.0292,0.20,0.0621,0.0630,0.0612
49.600,0.9274,0.2262,-0.0077,0.0292,0.20,0.0613,0.0622,0.0605
49.650,0.9259,0.2262,-0.0071,0.0292,0.20,0.0606,0.0615,0.0598
49.700,0.9245,0.2261,-0.0065,0.0292,0.20,0.0599,0.0607,0.0591
49.750,0.9230,0.2261,-0.0059,0.0292,0.20,0.0591,0.0599,0.0583
49.800,0.9216,0.2261,-0.0053,0.0292,0.20,0.0584,0.0592,0.0576
49.850,0.9201,0.2260,-0.0047,0.0292,0.20,0.0577,0.0585,0.0570
49.900,0.9187,0.2260,-0.0042,0.0292,0.20,0.0570,0.0577,0.0562
49.950,0.9172,0.2259,-0.0036,0.0292,0.20,0.0563,0.0570,0.0555
50.000,0.9157,0.2259,-0.0030,0.0292,0.20,0.0555,0.0563,0.0549
50.050,0.9143,0.2259,-0.0025,0.0292,0.20,0.0548,0.0555,0.0541
50.100,0.9128,0.2258,-0.0018,0.0292,0.20,0.0540,0.0547,0.0533
50.150,0.9114,0.2258,-0.0012,0.0292,0.20,0.0533,0.0539,0.0526
50.200,0.9099,0.2258,-0.0007,0.0292,0.20,0.0524,0.0530,0.0518
50.250,0.9084,0.2257,-0.0001,0.0293,0.20,0.0516,0.0522,0.0510
50.300,0.9070,0.2257,0.0005,0.0292,0.20,0.0508,0.0514,0.0502
50.350,0.9055,0.2256,0.0011,0.0292,0.20,0.0500,0.0506,0.0495
50.400,0.9041,0.2256,0.0017,0.0292,0.20,0.0491,0.0497,0.0486
50.450,0.9026,0.2256,0.0023,0.0293,0.20,0.0483,0.0489,0.0478
50.500,0.9011,0.2255,0.0028,0.0293,0.20,0.0479,0.0484,0.0473
50.550,0.8997,0.2255,0.0033,0.0293,0.20,0.0469,0.0474,0.0464
50.600,0.8982,0.2254,0.0039,0.0293,0.20,0.0462,0.0467,0.0457
50.650,0.8967,0.2254,0.0044,0.0292,0.20,0.0455,0.0460,0.0450
50.700,0.8953,0.2254,0.0050,0.0292,0.20,0.0447,0.0451,0.0442
50.750,0.8938,0.2253,0.0055,0.0292,0.20,0.0440,0.0444,0.0435
50.800,0.8924,0.2253,0.0061,0.0292,0.20,0.0432,0.0436,0.0428
50.850,0.8909,0.2252,0.0066,0.0292,0.20,0.0425,0.0429,0.0421
50.900,0.8894,0.2252,0.0072,0.0292,0.20,0.0417,0.0421,0.0413
50.950,0.8880,0.2251,0.0077,0.0292,0.20,0.0410,0.0414,0.0406
51.000,0.8865,0.2251,0.0082,0.0292,0.20,0.0403,0.0407,0.0399
51.050,0.8851,0.2251,0.0087,0.0293,0.20,0.0397,0.0401,0.0394
51.100,0.8836,0.2250,0.0092,0.0292,0.20,0.0389,0.0392,0.0385
51.150,0.8821,0.2250,0.0097,0.0293,0.20,0.0382,0.0386,0.0379
51.200,0.8807,0.2249,0.0101,0.0292,0.20,0.0375,0.0379,0.0372
51.250,0.8792,0.2249,0.0106,0.0292,0.20,0.0369,0.0372,0.0366
51.300,0.8777,0.2248,0.0110,0.0292,0.20,0.0362,0.0365,0.0359
51.350,0.8763,0.2248,0.0115,0.0292,0.20,0.0356,0.0359,0.0353
51.400,0.8748,0.2248,0.0119,0.0292,0.20,0.0349,0.0352,0.0347
51.450,0.8734,0.2247,0.0123,0.0292,0.20,0.0343,0.0346,0.0340
51.500,0.8719,0.2247,0.0127,0.0292,0.20,0.0337,0.0340,0.0334
51.550,0.8704,0.2246,0.0131,0.0292,0.20,0.0331,0.0333,0.0328
51.600,0.8690,0.2246,0.0135,0.0292,0.20,0.0325,0.0327,0.0322
51.650,0.8675,0.2245,0.0139,0.0293,0.20,0.0319,0.0321,0.0316
51.700,0.8661,0.2245,0.0143,0.0293,0.20,0.0313,0.0315,0.0311
51.750,0.8646,0.2244,0.0147,0.0293,0.20,0.0307,0.0309,0.0305
51.800,0.8631,0.2244,0.0151,0.0293,0.20,0.0301,0.0303,0.0299
51.850,0.8617,0.2243,0.0155,0.0293,0.20,0.0295,0.0297,0.0293
51.900,0.8602,0.2243,0.0158,0.0293,0.20,0.0290,0.0292,0.0288
51.950,0.8587,0.2243,0.0162,0.0293,0.20,0.0284,0.0286,0.0282
52.000,0.8573,0.2242,0.0165,0.0293,0.20,0.0278,0.0280,0.0277
52.050,0.8558,0.2242,0.0169,0.0293,0.20,0.0273,0.0275,0.0271
52.100,0.8544,0.2241,0.0172,0.0293,0.20,0.0267,0.0269,0.0266
52.150,0.8529,0.2241,0.0175,0.0293,0.20,0.0262,0.0264,0.0261
52.200,0.8514,0.2240,0.0178,0.0293,0.20,0.0257,0.0258,0.0255
52.250,0.8500,0.2240,0.0181,0.0293,0.20,0.0252,0.0253,0.0250
52.300,0.8485,0.2239,0.0185,0.0293,0.20,0.0247,0.0248,0.0245
52.350,0.8470,0.2239,0.0188,0.0293,0.20,0.0242,0.0243,0.0240
52.400,0.8456,0.2238,0.0190,0.0293,0.20,0.0236,0.0238,0.0235
52.450,0.8441,0.2238,0.0193,0.0293,0.20,0.0232,0.0233,0.0230
52.500,0.8426,0.2237,0.0196,0.0293,0.20,0.0227,0.0228,0.0225
52.550,0.8412,0.2237,0.0199,0.0293,0.20,0.0222,0.0223,0.0221
52.600,0.8397,0.2237,0.0202,0.0293,0.20,0.0217,0.0218,0.0216
52.650,0.8383,0.2236,0.0204,0.0293,0.20,0.0212,0.0213,0.0211
52.700,0.8368,0.2236,0.0207,0.0293,0.20,0.0208,0.0209,0.0207
52.750,0.8353,0.2235,0.0210,0.0293,0.20,0.0203,0.0204,0.0202
52.800,0.8339,0.2235,0.0212,0.0293,0.20,0.0198,0.0199,0.0198
52.850,0.8324,0.2234,0.0215,0.0293,0.20,0.0194,0.0195,0.0193
52.900,0.8309,0.2234,0.0217,0.0293,0.20,0.0189,0.0190,0.0189
52.950,0.8295,0.2233,0.0219,0.0293,0.20,0.0185,0.0186,0.0184
53.000,0.8280,0.2233,0.0222,0.0293,0.20,0.0181,0.0182,0.0180
53.050,0.8266,0.2232,0.0224,0.0293,0.00,0.5236,0.5871,0.4715
53.100,0.8251,0.2231,0.0193,0.0287,0.00,0.5236,0.5871,0.4715
53.150,0.8234,0.2231,0.0112,0.0342,0.00,0.5236,0.5871,0.4715
53.200,0.8214,0.2233,0.0003,0.0404,0.00,0.5236,0.5871,0.4715
53.250,0.8189,0.2234,-0.0125,0.0505,0.00,0.5236,0.5871,0.4715
53.300,0.8160,0.2231,-0.0214,0.0585,0.00,0.5236,0.5871,0.4715
53.350,0.8133,0.2224,-0.0223,0.0558,0.00,0.5236,0.5871,0.4715
53.400,0.8110,0.2216,-0.0154,0.0472,0.00,0.5236,0.5871,0.4715
53.450,0.8091,0.2211,-0.0089,0.0398,0.00,0.5236,0.5871,0.4715
53.500,0.8074,0.2206,-0.0029,0.0363,0.00,0.5236,0.5871,0.4715
53.550,0.8057,0.2202,0.0028,0.0342,0.00,0.5236,0.5871,0.4715
53.600,0.8042,0.2197,0.0079,0.0326,0.00,0.5236,0.5871,0.4715
53.650,0.8027,0.2193,0.0125,0.0313,0.00,0.5236,0.5871,0.4715
53.700,0.8012,0.2188,0.0168,0.0301,0.00,0.5236,0.5871,0.4715
53.750,0.7999,0.2183,0.0207,0.0289,0.00,0.5236,0.5871,0.4715
53.800,0.7985,0.2179,0.0244,0.0287,0.00,0.5236,0.5871,0.4715
53.850,0.7972,0.2174,0.0281,0.0285,0.00,0.5236,0.5871,0.4715
53.900,0.7958,0.2169,0.0318,0.0285,0.00,0.5236,0.5871,0.4715
53.950,0.7945,0.2164,0.0355,0.0284,0.00,0.5236,0.5871,0.4715
54.000,0.7931,0.2160,0.0391,0.0284,0.00,0.5236,0.5871,0.4715
54.050,0.7918,0.2155,0.0428,0.0284,0.00,0.5236,0.5871,0.4715
54.100,0.7905,0.2150,0.0464,0.0284,0.00,0.5236,0.5871,0.4715
54.150,0.7892,0.2145,0.0501,0.0284,0.00,0.5236,0.5871,0.4715
54.200,0.7878,0.2140,0.0537,0.0284,0.00,0.5236,0.5871,0.4715
54.250,0.7865,0.2134,0.0574,0.0284,0.00,0.5236,0.5871,0.4715
54.300,0.7852,0.2129,0.0610,0.0284,0.00,0.5236,0.5871,0.4715
54.350,0.7839,0.2124,0.0647,0.0284,0.00,0.5236,0.5871,0.4715
54.400,0.7825,0.2119,0.0683,0.0284,0.00,0.5236,0.5871,0.4715
54.450,0.7812,0.2114,0.0720,0.0284,0.00,0.5236,0.5871,0.4715
54.500,0.7799,0.2108,0.0756,0.0284,0.00,0.5236,0.5871,0.4715
54.550,0.7786,0.2103,0.0793,0.0284,0.00,0.5236,0.5871,0.4715
54.600,0.7773,0.2097,0.0829,0.0284,0.00,0.5236,0.5871,0.4715
54.650,0.7760,0.2092,0.0866,0.0284,0.00,0.5236,0.5871,0.4715
54.700,0.7747,0.2086,0.0902,0.0284,0.00,0.5236,0.5871,0.4715
54.750,0.7734,0.2081,0.0938,0.0284,0.00,0.5236,0.5871,0.4715
54.800,0.7720,0.2075,0.0975,0.0284,0.00,0.5236,0.5871,0.4715
54.850,0.7707,0.2069,0.1011,0.0284,0.00,0.5236,0.5871,0.4715
54.900,0.7694,0.2064,0.1048,0.0284,0.00,0.5236,0.5871,0.4715
54.950,0.7681,0.2058,0.1084,0.0284,0.00,0.5236,0.5871,0.4715
55.000,0.7668,0.2052,0.1120,0.0284,0.00,0.5236,0.5871,0.4715
55.050,0.7656,0.2046,0.1157,0.0284,0.00,0.5236,0.5871,0.4715
55.100,0.7643,0.2040,0.1193,0.0284,0.00,0.5236,0.5871,0.4715
55.150,0.7630,0.2034,0.1229,0.0284,0.00,0.5236,0.5871,0.4715
55.200,0.7617,0.2028,0.1266,0.0284,0.00,0.5236,0.5871,0.4715
55.250,0.7604,0.2022,0.1302,0.0284,0.00,0.5236,0.5871,0.4715
55.300,0.7591,0.2016,0.1338,0.0284,0.00,0.5236,0.5871,0.4715
55.350,0.7578,0.2010,0.1375,0.0284,0.00,0.5236,0.5871,0.4715
55.400,0.7565,0.2004,0.1411,0.0284,0.00,0.5236,0.5871,0.4715
55.450,0.7553,0.1998,0.1447,0.0284,0.00,0.5236,0.5871,0.4715
55.500,0.7540,0.1992,0.1483,0.0285,0.00,0.5236,0.5871,0.4715
55.550,0.7527,0.1985,0.1519,0.0285,0.00,0.5236,0.5871,0.4715
55.600,0.7514,0.1979,0.1555,0.0285,0.00,0.5236,0.5871,0.4715
55.650,0.7501,0.1973,0.1591,0.0287,0.00,0.5236,0.5871,0.4715
55.700,0.7489,0.1966,0.1627,0.0286,0.00,0.5236,0.5871,0.4715
55.750,0.7476,0.1960,0.1663,0.0286,0.00,0.5236,0.5871,0.4715
55.800,0.7463,0.1953,0.1699,0.0286,0.00,0.5236,0.5871,0.4715
55.850,0.7451,0.1947,0.1734,0.0286,0.00,0.5236,0.5871,0.4715
55.900,0.7438,0.1940,0.1770,0.0286,0.00,0.5236,0.5871,0.4715
55.950,0.7425,0.1933,0.1805,0.0286,0.00,0.5236,0.5871,0.4715
56.000,0.7413,0.1927,0.1841,0.0286,0.00,0.5236,0.5871,0.4715
56.050,0.7400,0.1920,0.1876,0.0286,0.00,0.5236,0.5871,0.4715
56.100,0.7387,0.1913,0.1912,0.0286,0.00,0.5236,0.5871,0.4715
56.150,0.7375,0.1907,0.1947,0.0286,0.00,0.5236,0.5871,0.4715
56.200,0.7362,0.1900,0.1982,0.0285,0.00,0.5236,0.5871,0.4715
56.250,0.7350,0.1893,0.2017,0.0289,0.00,0.5236,0.5871,0.4715
56.300,0.7337,0.1886,0.2057,0.0287,0.00,0.5236,0.5871,0.4715
56.350,0.7325,0.1879,0.2096,0.0284,0.00,0.5236,0.5871,0.4715
56.400,0.7312,0.1872,0.2136,0.0284,0.00,0.5236,0.5871,0.4715
56.450,0.7300,0.1865,0.2176,0.0284,0.00,0.5236,0.5871,0.4715
56.500,0.7288,0.1858,0.2215,0.0284,0.00,0.5236,0.5871,0.4715
56.550,0.7275,0.1851,0.2254,0.0284,0.00,0.5236,0.5871,0.4715
56.600,0.7263,0.1844,0.2294,0.0284,0.00,0.5236,0.5871,0.4715
56.650,0.7251,0.1836,0.2333,0.0284,0.00,0.5236,0.5871,0.4715
56.700,0.7239,0.1829,0.2373,0.0284,0.00,0.5236,0.5871,0.4715
56.750,0.7227,0.1822,0.2412,0.0284,0.00,0.5236,0.5871,0.4715
56.800,0.7215,0.1814,0.2451,0.0284,0.00,0.5236,0.5871,0.4715
56.850,0.7202,0.1807,0.2491,0.0284,0.00,0.5236,0.5871,0.4715
56.900,0.7190,0.1800,0.2530,0.0284,0.00,0.5236,0.5871,0.4715
56.950,0.7178,0.1792,0.2570,0.0284,0.00,0.5236,0.5871,0.4715
57.000,0.7166,0.1785,0.2609,0.0284,0.00,0.5236,0.5871,0.4715
57.050,0.7154,0.1777,0.2648,0.0284,0.00,0.5236,0.5871,0.4715
57.100,0.7142,0.1769,0.2688,0.0284,0.00,0.5236,0.5871,0.4715
57.150,0.7130,0.1762,0.2727,0.0284,0.00,0.5236,0.5871,0.4715
57.200,0.7119,0.1754,0.2766,0.0284,0.00,0.5236,0.5871,0.4715
57.250,0.7107,0.1746,0.2805,0.0284,0.00,0.5236,0.5871,0.4715
57.300,0.7095,0.1738,0.2845,0.0284,0.00,0.5236,0.5871,0.4715
57.350,0.7083,0.1730,0.2884,0.0284,0.00,0.5236,0.5871,0.4715
57.400,0.7071,0.1722,0.2924,0.0285,0.00,0.5236,0.5871,0.4715
57.450,0.7059,0.1715,0.2964,0.0285,0.00,0.5236,0.5871,0.4715
57.500,0.7048,0.1707,0.3004,0.0284,0.00,0.5236,0.5871,0.4715
57.550,0.7036,0.1699,0.3044,0.0284,0.00,0.5236,0.5871,0.4715
57.600,0.7024,0.1690,0.3084,0.0284,0.00,0.5236,0.5871,0.4715
57.650,0.7012,0.1682,0.3127,0.0284,0.00,0.5236,0.5871,0.4715
57.700,0.7001,0.1674,0.3171,0.0281,0.00,0.5236,0.5871,0.4715
57.750,0.6989,0.1666,0.3216,0.0281,0.00,0.5236,0.5871,0.4715
57.800,0.6978,0.1658,0.3260,0.0281,0.00,0.5236,0.5871,0.4715
57.850,0.6967,0.1650,0.3305,0.0281,0.00,0.5236,0.5871,0.4715
57.900,0.6955,0.1642,0.3349,0.0281,0.00,0.5236,0.5871,0.4715
57.950,0.6944,0.1634,0.3394,0.0281,0.00,0.5236,0.5871,0.4715
58.000,0.6933,0.1625,0.3438,0.0281,0.00,0.5236,0.5871,0.4715
58.050,0.6921,0.1617,0.3482,0.0281,0.00,0.5236,0.5871,0.4715
58.100,0.6910,0.1608,0.3527,0.0281,0.00,0.5236,0.5871,0.4715
58.150,0.6899,0.1600,0.3571,0.0281,0.00,0.5236,0.5871,0.4715
58.200,0.6888,0.1591,0.3615,0.0281,0.00,0.5236,0.5871,0.4715
58.250,0.6877,0.1583,0.3660,0.0281,0.00,0.5236,0.5871,0.4715
58.300,0.6865,0.1574,0.3704,0.0281,0.00,0.5236,0.5871,0.4715
58.350,0.6854,0.1565,0.3748,0.0281,0.00,0.5236,0.5871,0.4715
58.400,0.6843,0.1557,0.3793,0.0281,0.00,0.5236,0.5871,0.4715
58.450,0.6832,0.1548,0.3837,0.0281,0.00,0.5236,0.5871,0.4715
58.500,0.6822,0.1539,0.3881,0.0281,0.00,0.5236,0.5871,0.4715
58.550,0.6811,0.1530,0.3925,0.0281,0.00,0.5236,0.5871,0.4715
58.600,0.6800,0.1521,0.3970,0.0281,0.00,0.5236,0.5871,0.4715
58.650,0.6789,0.1512,0.4014,0.0281,0.00,0.5236,0.5871,0.4715
58.700,0.6778,0.1503,0.4058,0.0281,0.00,0.5236,0.5871,0.4715
58.750,0.6768,0.1494,0.4102,0.0281,0.00,0.5199,0.5825,0.4684
58.800,0.6757,0.1485,0.4149,0.0273,0.00,0.5131,0.5742,0.4628
58.850,0.6747,0.1477,0.4199,0.0264,0.00,0.5063,0.5659,0.4572
58.900,0.6737,0.1469,0.4250,0.0262,0.00,0.4970,0.5546,0.4495
58.950,0.6727,0.1460,0.4303,0.0256,0.00,0.4888,0.5445,0.4427
59.000,0.6717,0.1452,0.4355,0.0257,0.00,0.4782,0.5316,0.4338
59.050,0.6708,0.1444,0.4409,0.0254,0.00,0.4692,0.5208,0.4263
59.100,0.6698,0.1436,0.4461,0.0256,0.00,0.4581,0.5074,0.4171
59.150,0.6688,0.1427,0.4515,0.0253,0.00,0.4491,0.4966,0.4095
59.200,0.6678,0.1419,0.4566,0.0256,0.00,0.4376,0.4827,0.3998
59.250,0.6668,0.1411,0.4618,0.0254,0.00,0.4288,0.4721,0.3923
59.300,0.6659,0.1403,0.4668,0.0258,0.00,0.4172,0.4583,0.3825
59.350,0.6649,0.1395,0.4719,0.0256,0.00,0.4083,0.4477,0.3750
59.400,0.6639,0.1386,0.4767,0.0260,0.00,0.3969,0.4342,0.3653
59.450,0.6629,0.1378,0.4816,0.0258,0.00,0.3880,0.4236,0.3576
59.500,0.6619,0.1370,0.4863,0.0261,0.00,0.3769,0.4106,0.3481
59.550,0.6609,0.1362,0.4911,0.0259,0.00,0.3678,0.3999,0.3403
59.600,0.6598,0.1353,0.4958,0.0262,0.00,0.3572,0.3875,0.3312
59.650,0.6588,0.1345,0.5004,0.0261,0.00,0.3479,0.3766,0.3231
59.700,0.6578,0.1337,0.5048,0.0263,0.00,0.3376,0.3647,0.3142
59.750,0.6568,0.1329,0.5092,0.0263,0.00,0.3283,0.3539,0.3060
59.800,0.6558,0.1320,0.5135,0.0265,0.00,0.3182,0.3423,0.2972
59.850,0.6547,0.1312,0.5177,0.0265,0.00,0.3091,0.3318,0.2892
59.900,0.6537,0.1304,0.5218,0.0267,0.00,0.2992,0.3205,0.2805
59.950,0.6526,0.1295,0.5258,0.0267,0.00,0.2901,0.3102,0.2725
60.000,0.6516,0.1287,0.5297,0.0269,0.00,0.2806,0.2993,0.2640
60.050,0.6505,0.1278,0.5336,0.0269,0.00,0.2715,0.2891,0.2560
60.100,0.6495,0.1270,0.5373,0.0270,0.00,0.2622,0.2786,0.2477
60.150,0.6484,0.1262,0.5409,0.0271,0.00,0.2532,0.2684,0.2395
60.200,0.6473,0.1253,0.5445,0.0276,0.00,0.2437,0.2578,0.2310
60.250,0.6462,0.1245,0.5483,0.0274,0.00,0.2365,0.2498,0.2246
60.300,0.6452,0.1236,0.5517,0.0274,0.00,0.2270,0.2392,0.2159
60.350,0.6441,0.1228,0.5552,0.0274,0.00,0.2186,0.2299,0.2083
60.400,0.6430,0.1220,0.5585,0.0275,0.00,0.2100,0.2204,0.2005
60.450,0.6419,0.1211,0.5618,0.0276,0.00,0.2013,0.2109,0.1926
60.500,0.6408,0.1203,0.5650,0.0277,0.00,0.1929,0.2017,0.1848
60.550,0.6397,0.1194,0.5681,0.0277,0.00,0.1845,0.1926,0.1771
60.600,0.6386,0.1186,0.5712,0.0278,0.00,0.1762,0.1835,0.1694
60.650,0.6375,0.1178,0.5741,0.0278,0.00,0.1680,0.1747,0.1618
60.700,0.6364,0.1169,0.5770,0.0279,0.00,0.1599,0.1659,0.1543
60.750,0.6352,0.1161,0.5799,0.0279,0.00,0.1518,0.1572,0.1467
60.800,0.6341,0.1153,0.5826,0.0280,0.00,0.1438,0.1487,0.1393
60.850,0.6330,0.1144,0.5853,0.0280,0.00,0.1359,0.1403,0.1319
60.900,0.6319,0.1136,0.5878,0.0281,0.00,0.1282,0.1320,0.1245
60.950,0.6307,0.1128,0.5903,0.0281,0.00,0.1204,0.1238,0.1172
61.000,0.6296,0.1119,0.5928,0.0282,0.00,0.1128,0.1158,0.1100
61.050,0.6285,0.1111,0.5951,0.0282,0.00,0.1053,0.1079,0.1028
61.100,0.6273,0.1103,0.5974,0.0283,0.00,0.0979,0.1001,0.0957
61.150,0.6262,0.1094,0.5996,0.0283,0.00,0.0905,0.0924,0.0887
61.200,0.6250,0.1086,0.6017,0.0284,0.00,0.0832,0.0848,0.0817
61.250,0.6239,0.1078,0.6038,0.0284,0.00,0.0760,0.0774,0.0747
61.300,0.6227,0.1069,0.6058,0.0284,0.00,0.0689,0.0701,0.0679
61.350,0.6215,0.1061,0.6077,0.0285,0.00,0.0619,0.0628,0.0611
61.400,0.6204,0.1053,0.6095,0.0285,0.00,0.0550,0.0557,0.0543
61.450,0.6192,0.1045,0.6113,0.0286,0.00,0.0479,0.0485,0.0474
61.500,0.6180,0.1036,0.6131,0.0287,0.00,0.0404,0.0408,0.0401
61.550,0.6169,0.1028,0.6153,0.0287,0.00,0.0313,0.0316,0.0311
61.600,0.6157,0.1019,0.6173,0.0295,0.00,0.0234,0.0235,0.0233
61.650,0.6145,0.1011,0.6192,0.0296,0.00,0.0162,0.0163,0.0161
61.700,0.6132,0.1002,0.6209,0.0297,0.00,0.0091,0.0092,0.0091
61.750,0.6120,0.0994,0.6224,0.0297,0.00,0.0023,0.0023,0.0023
61.800,0.6108,0.0986,0.6239,0.0297,0.00,-0.0043,-0.0043,-0.0043
61.850,0.6096,0.0977,0.6253,0.0298,0.00,-0.0114,-0.0114,-0.0114
61.900,0.6083,0.0969,0.6266,0.0298,0.00,-0.0177,-0.0176,-0.0178
61.950,0.6071,0.0960,0.6278,0.0298,0.00,-0.0239,-0.0238,-0.0240
62.000,0.6059,0.0952,0.6290,0.0298,0.00,-0.0302,-0.0299,-0.0304
62.050,0.6046,0.0944,0.6300,0.0298,0.00,-0.0363,-0.0360,-0.0366
62.100,0.6034,0.0935,0.6310,0.0298,0.00,-0.0423,-0.0419,-0.0428
62.150,0.6022,0.0927,0.6319,0.0298,0.00,-0.0483,-0.0478,-0.0489
62.200,0.6009,0.0919,0.6328,0.0298,0.00,-0.0542,-0.0535,-0.0549
62.250,0.5997,0.0911,0.6336,0.0298,0.00,-0.0600,-0.0592,-0.0609
62.300,0.5984,0.0902,0.6344,0.0298,0.00,-0.0658,-0.0648,-0.0668
62.350,0.5972,0.0894,0.6351,0.0298,0.00,-0.0714,-0.0703,-0.0726
62.400,0.5959,0.0886,0.6357,0.0298,0.00,-0.0770,-0.0757,-0.0784
62.450,0.5947,0.0878,0.6363,0.0298,0.00,-0.0825,-0.0810,-0.0841
62.500,0.5934,0.0870,0.6368,0.0299,0.00,-0.0879,-0.0862,-0.0897
62.550,0.5922,0.0862,0.6373,0.0299,0.00,-0.0933,-0.0913,-0.0953
62.600,0.5909,0.0854,0.6377,0.0299,0.00,-0.0985,-0.0963,-0.1008
62.650,0.5897,0.0846,0.6380,0.0299,0.00,-0.1037,-0.1013,-0.1062
62.700,0.5884,0.0838,0.6383,0.0299,0.00,-0.1088,-0.1062,-0.1116
62.750,0.5871,0.0830,0.6386,0.0299,0.00,-0.1138,-0.1110,-0.1169
62.800,0.5859,0.0822,0.6388,0.0299,0.00,-0.1188,-0.1157,-0.1221
62.850,0.5846,0.0814,0.6389,0.0299,0.00,-0.1237,-0.1203,-0.1273
62.900,0.5833,0.0806,0.6390,0.0299,0.00,-0.1285,-0.1248,-0.1324
62.950,0.5821,0.0798,0.6390,0.0299,0.00,-0.1332,-0.1293,-0.1374
63.000,0.5808,0.0791,0.6390,0.0299,0.00,-0.1379,-0.1337,-0.1424
63.050,0.5795,0.0783,0.6389,0.0298,0.00,-0.1425,-0.1380,-0.1472
63.100,0.5782,0.0775,0.6388,0.0298,0.00,-0.1470,-0.1422,-0.1521
63.150,0.5770,0.0767,0.6386,0.0298,0.00,-0.1514,-0.1464,-0.1568
63.200,0.5757,0.0760,0.6384,0.0298,0.00,-0.1558,-0.1505,-0.1615
63.250,0.5744,0.0752,0.6382,0.0298,0.00,-0.1601,-0.1545,-0.1661
63.300,0.5731,0.0744,0.6378,0.0298,0.00,-0.1643,-0.1584,-0.1707
63.350,0.5718,0.0737,0.6375,0.0298,0.00,-0.1685,-0.1623,-0.1752
63.400,0.5705,0.0729,0.6371,0.0298,0.00,-0.1726,-0.1660,-0.1796
63.450,0.5693,0.0722,0.6366,0.0298,0.00,-0.1766,-0.1698,-0.1839
63.500,0.5680,0.0714,0.6361,0.0298,0.00,-0.1806,-0.1735,-0.1883
63.550,0.5667,0.0707,0.6356,0.0298,0.00,-0.1842,-0.1768,-0.1922
63.600,0.5654,0.0700,0.6350,0.0298,0.00,-0.1880,-0.1803,-0.1963
63.650,0.5641,0.0692,0.6343,0.0298,0.00,-0.1916,-0.1836,-0.2003
63.700,0.5628,0.0685,0.6336,0.0297,0.00,-0.1953,-0.1870,-0.2043
63.750,0.5615,0.0678,0.6328,0.0297,0.00,-0.1988,-0.1902,-0.2082
63.800,0.5602,0.0671,0.6321,0.0297,0.00,-0.2023,-0.1935,-0.2120
63.850,0.5589,0.0663,0.6313,0.0297,0.00,-0.2058,-0.1966,-0.2158
63.900,0.5576,0.0656,0.6304,0.0297,0.00,-0.2091,-0.1997,-0.2195
63.950,0.5563,0.0649,0.6295,0.0297,0.00,-0.2125,-0.2027,-0.2231
64.000,0.5550,0.0642,0.6286,0.0297,0.00,-0.2157,-0.2057,-0.2267
64.050,0.5537,0.0635,0.6276,0.0297,0.00,-0.2189,-0.2086,-0.2303
64.100,0.5524,0.0628,0.6266,0.0296,0.00,-0.2220,-0.2114,-0.2337
64.150,0.5511,0.0621,0.6255,0.0296,0.00,-0.2251,-0.2142,-0.2371
64.200,0.5498,0.0614,0.6245,0.0296,0.00,-0.2281,-0.2170,-0.2404
64.250,0.5485,0.0607,0.6233,0.0296,0.00,-0.2311,-0.2196,-0.2437
64.300,0.5471,0.0600,0.6222,0.0296,0.00,-0.2339,-0.2222,-0.2469
64.350,0.5458,0.0593,0.6210,0.0296,0.00,-0.2368,-0.2248,-0.2501
64.400,0.5445,0.0587,0.6198,0.0296,0.00,-0.2396,-0.2273,-0.2532
64.450,0.5432,0.0580,0.6185,0.0296,0.00,-0.2423,-0.2298,-0.2562
64.500,0.5419,0.0573,0.6172,0.0295,0.00,-0.2449,-0.2321,-0.2592
64.550,0.5406,0.0567,0.6159,0.0295,0.00,-0.2475,-0.2345,-0.2621
64.600,0.5393,0.0560,0.6146,0.0295,0.00,-0.2501,-0.2368,-0.2649
64.650,0.5379,0.0553,0.6132,0.0295,0.00,-0.2526,-0.2390,-0.2677
64.700,0.5366,0.0547,0.6118,0.0295,0.00,-0.2550,-0.2412,-0.2705
64.750,0.5353,0.0540,0.6103,0.0295,0.00,-0.2574,-0.2433,-0.2731
64.800,0.5340,0.0534,0.6089,0.0295,0.00,-0.2597,-0.2454,-0.2758
64.850,0.5326,0.0527,0.6074,0.0294,0.00,-0.2620,-0.2475,-0.2783
64.900,0.5313,0.0521,0.6059,0.0294,0.00,-0.2643,-0.2495,-0.2808
64.950,0.5300,0.0515,0.6043,0.0294,0.00,-0.2664,-0.2514,-0.2833
65.000,0.5287,0.0508,0.6027,0.0294,0.00,-0.2686,-0.2533,-0.2857
65.050,0.5273,0.0502,0.6011,0.0295,0.00,-0.2710,-0.2555,-0.2885
65.100,0.5260,0.0496,0.5995,0.0294,0.00,-0.2729,-0.2572,-0.2906
65.150,0.5247,0.0490,0.5979,0.0294,0.00,-0.2749,-0.2590,-0.2929
65.200,0.5233,0.0483,0.5962,0.0294,0.00,-0.2768,-0.2606,-0.2950
65.250,0.5220,0.0477,0.5945,0.0293,0.00,-0.2787,-0.2623,-0.2971
65.300,0.5207,0.0471,0.5927,0.0293,0.00,-0.2805,-0.2639,-0.2992
65.350,0.5193,0.0465,0.5909,0.0293,0.00,-0.2822,-0.2655,-0.3012
65.400,0.5180,0.0459,0.5891,0.0291,0.00,-0.2828,-0.2660,-0.3018
65.450,0.5167,0.0453,0.5872,0.0291,0.00,-0.2856,-0.2685,-0.3050
65.500,0.5153,0.0447,0.5854,0.0293,0.00,-0.2870,-0.2697,-0.3066
65.550,0.5140,0.0441,0.5836,0.0294,0.00,-0.2890,-0.2715,-0.3088
65.600,0.5126,0.0436,0.5818,0.0294,0.00,-0.2900,-0.2723,-0.3100
65.650,0.5113,0.0430,0.5799,0.0292,0.00,-0.2914,-0.2736,-0.3116
65.700,0.5100,0.0424,0.5780,0.0292,0.00,-0.2929,-0.2749,-0.3133
65.750,0.5086,0.0418,0.5762,0.0292,0.00,-0.2943,-0.2762,-0.3149
65.800,0.5073,0.0413,0.5743,0.0292,0.00,-0.2958,-0.2775,-0.3166
65.850,0.5059,0.0407,0.5724,0.0292,0.00,-0.2972,-0.2787,-0.3182
65.900,0.5046,0.0401,0.5705,0.0292,0.00,-0.2986,-0.2799,-0.3198
65.950,0.5032,0.0396,0.5686,0.0292,0.00,-0.2999,-0.2811,-0.3213
66.000,0.5019,0.0390,0.5666,0.0292,0.00,-0.3012,-0.2822,-0.3227
66.050,0.5005,0.0385,0.5647,0.0292,0.00,-0.3024,-0.2833,-0.3242
66.100,0.4992,0.0379,0.5627,0.0292,0.00,-0.3036,-0.2844,-0.3256
66.150,0.4978,0.0374,0.5607,0.0292,0.00,-0.3048,-0.2854,-0.3269
66.200,0.4964,0.0369,0.5587,0.0292,0.00,-0.3059,-0.2864,-0.3282
66.250,0.4951,0.0363,0.5567,0.0292,0.00,-0.3070,-0.2874,-0.3294
66.300,0.4937,0.0358,0.5546,0.0291,0.00,-0.3081,-0.2883,-0.3306
66.350,0.4924,0.0353,0.5526,0.0291,0.00,-0.3091,-0.2892,-0.3318
66.400,0.4910,0.0347,0.5505,0.0291,0.00,-0.3101,-0.2901,-0.3329
66.450,0.4897,0.0342,0.5484,0.0291,0.00,-0.3110,-0.2909,-0.3340
66.500,0.4883,0.0337,0.5463,0.0291,0.00,-0.3119,-0.2917,-0.3350
66.550,0.4869,0.0332,0.5442,0.0291,0.00,-0.3128,-0.2924,-0.3360
66.600,0.4856,0.0327,0.5420,0.0291,0.00,-0.3135,-0.2931,-0.3368
66.650,0.4842,0.0322,0.5398,0.0290,0.00,-0.3139,-0.2935,-0.3374
66.700,0.4829,0.0317,0.5376,0.0290,0.00,-0.3149,-0.2943,-0.3385
66.750,0.4815,0.0312,0.5354,0.0290,0.00,-0.3155,-0.2948,-0.3392
66.800,0.4801,0.0307,0.5331,0.0290,0.00,-0.3161,-0.2954,-0.3399
66.850,0.4788,0.0302,0.5309,0.0290,0.00,-0.3167,-0.2959,-0.3405
66.900,0.4774,0.0297,0.5286,0.0290,0.00,-0.3173,-0.2964,-0.3412
66.950,0.4760,0.0292,0.5264,0.0290,0.00,-0.3183,-0.2973,-0.3424
67.000,0.4746,0.0288,0.5242,0.0294,0.00,-0.3188,-0.2977,-0.3429
67.050,0.4733,0.0283,0.5220,0.0291,0.00,-0.3185,-0.2975,-0.3427
67.100,0.4719,0.0278,0.5196,0.0289,0.00,-0.3189,-0.2978,-0.3430
67.150,0.4705,0.0274,0.5173,0.0290,0.00,-0.3192,-0.2981,-0.3434
67.200,0.4691,0.0269,0.5150,0.0290,0.00,-0.3195,-0.2984,-0.3438
67.250,0.4678,0.0264,0.5127,0.0290,0.00,-0.3199,-0.2987,-0.3442
67.300,0.4664,0.0260,0.5104,0.0290,0.00,-0.3202,-0.2990,-0.3446
67.350,0.4650,0.0255,0.5081,0.0290,0.00,-0.3205,-0.2992,-0.3450
67.400,0.4636,0.0251,0.5058,0.0290,0.00,-0.3208,-0.2995,-0.3453
67.450,0.4623,0.0246,0.5035,0.0290,0.00,-0.3211,-0.2997,-0.3456
67.500,0.4609,0.0242,0.5013,0.0290,0.00,-0.3226,-0.3011,-0.3474
67.550,0.4595,0.0237,0.4993,0.0291,0.00,-0.3236,-0.3019,-0.3485
67.600,0.4581,0.0233,0.4973,0.0292,0.00,-0.3244,-0.3026,-0.3494
67.650,0.4567,0.0229,0.4953,0.0292,0.00,-0.3253,-0.3034,-0.3504
67.700,0.4553,0.0224,0.4933,0.0292,0.00,-0.3258,-0.3039,-0.3511
67.750,0.4539,0.0220,0.4912,0.0292,0.00,-0.3263,-0.3042,-0.3515
67.800,0.4525,0.0215,0.4891,0.0291,0.00,-0.3268,-0.3047,-0.3522
67.850,0.4512,0.0211,0.4870,0.0291,0.00,-0.3272,-0.3051,-0.3526
67.900,0.4498,0.0207,0.4849,0.0291,0.00,-0.3275,-0.3054,-0.3530
67.950,0.4484,0.0202,0.4827,0.0291,0.00,-0.3279,-0.3057,-0.3534
68.000,0.4470,0.0198,0.4806,0.0291,0.00,-0.3282,-0.3059,-0.3538
68.050,0.4456,0.0194,0.4784,0.0291,0.00,-0.3285,-0.3062,-0.3541
68.100,0.4442,0.0190,0.4763,0.0291,0.00,-0.3287,-0.3064,-0.3544
68.150,0.4428,0.0186,0.4741,0.0291,0.00,-0.3290,-0.3066,-0.3547
68.200,0.4414,0.0182,0.4719,0.0291,0.00,-0.3292,-0.3068,-0.3549
68.250,0.4400,0.0178,0.4697,0.0291,0.00,-0.3293,-0.3069,-0.3551
68.300,0.4386,0.0174,0.4675,0.0290,0.00,-0.3295,-0.3071,-0.3553
68.350,0.4372,0.0170,0.4653,0.0290,0.00,-0.3296,-0.3072,-0.3554
68.400,0.4358,0.0166,0.4631,0.0290,0.00,-0.3297,-0.3073,-0.3555
68.450,0.4344,0.0162,0.4609,0.0290,0.00,-0.3298,-0.3073,-0.3556
68.500,0.4330,0.0158,0.4587,0.0290,0.00,-0.3298,-0.3074,-0.3557
68.550,0.4316,0.0154,0.4564,0.0290,0.00,-0.3299,-0.3074,-0.3557
68.600,0.4302,0.0150,0.4542,0.0290,0.00,-0.3299,-0.3074,-0.3557
68.650,0.4288,0.0146,0.4520,0.0290,0.00,-0.3298,-0.3074,-0.3557
68.700,0.4274,0.0143,0.4497,0.0290,0.00,-0.3298,-0.3073,-0.3556
68.750,0.4260,0.0139,0.4475,0.0290,0.00,-0.3297,-0.3073,-0.3555
68.800,0.4246,0.0135,0.4452,0.0289,0.00,-0.3295,-0.3071,-0.3553
68.850,0.4232,0.0131,0.4429,0.0289,0.00,-0.3294,-0.3070,-0.3552
68.900,0.4218,0.0128,0.4406,0.0289,0.00,-0.3292,-0.3068,-0.3549
68.950,0.4204,0.0124,0.4383,0.0289,0.00,-0.3290,-0.3067,-0.3547
69.000,0.4190,0.0121,0.4361,0.0289,0.00,-0.3288,-0.3065,-0.3545
69.050,0.4176,0.0117,0.4338,0.0289,0.00,-0.3287,-0.3063,-0.3543
69.100,0.4162,0.0113,0.4315,0.0289,0.00,-0.3284,-0.3062,-0.3541
69.150,0.4148,0.0110,0.4292,0.0289,0.00,-0.3282,-0.3060,-0.3538
69.200,0.4134,0.0106,0.4270,0.0289,0.00,-0.3279,-0.3057,-0.3535
69.250,0.4120,0.0103,0.4247,0.0289,0.00,-0.3277,-0.3055,-0.3532
69.300,0.4106,0.0100,0.4224,0.0289,0.00,-0.3274,-0.3052,-0.3528
69.350,0.4092,0.0096,0.4201,0.0289,0.00,-0.3271,-0.3050,-0.3525
69.400,0.4078,0.0093,0.4178,0.0289,0.00,-0.3267,-0.3047,-0.3521
69.450,0.4064,0.0090,0.4155,0.0289,0.00,-0.3264,-0.3043,-0.3517
69.500,0.4050,0.0086,0.4132,0.0289,0.00,-0.3260,-0.3040,-0.3512
69.550,0.4036,0.0083,0.4109,0.0289,0.00,-0.3256,-0.3037,-0.3508
69.600,0.4022,0.0080,0.4087,0.0289,0.00,-0.3252,-0.3033,-0.3503
69.650,0.4008,0.0077,0.4064,0.0289,0.00,-0.3247,-0.3029,-0.3498
69.700,0.3994,0.0073,0.4041,0.0289,0.00,-0.3243,-0.3025,-0.3493
69.750,0.3979,0.0070,0.4018,0.0289,0.00,-0.3238,-0.3021,-0.3487
69.800,0.3965,0.0067,0.3995,0.0289,0.00,-0.3233,-0.3017,-0.3482
69.850,0.3951,0.0064,0.3972,0.0289,0.00,-0.3228,-0.3013,-0.3476
69.900,0.3937,0.0061,0.3949,0.0289,0.00,-0.3223,-0.3008,-0.3470
69.950,0.3923,0.0058,0.3926,0.0289,0.00,-0.3218,-0.3004,-0.3464
70.000,0.3909,0.0055,0.3903,0.0289,0.00,-0.3212,-0.2999,-0.3458
70.050,0.3895,0.0052,0.3880,0.0289,0.00,-0.3207,-0.2994,-0.3451
70.100,0.3881,0.0049,0.3857,0.0289,0.00,-0.3201,-0.2989,-0.3444
70.150,0.3866,0.0046,0.3834,0.0289,0.00,-0.3195,-0.2983,-0.3438
70.200,0.3852,0.0043,0.3811,0.0289,0.00,-0.3189,-0.2978,-0.3431
70.250,0.3838,0.0040,0.3788,0.0289,0.00,-0.3183,-0.2973,-0.3423
70.300,0.3824,0.0037,0.3765,0.0289,0.00,-0.3176,-0.2967,-0.3416
70.350,0.3810,0.0035,0.3742,0.0289,0.00,-0.3170,-0.2961,-0.3409
70.400,0.3796,0.0032,0.3720,0.0289,0.00,-0.3163,-0.2955,-0.3401
70.450,0.3781,0.0029,0.3697,0.0289,0.00,-0.3156,-0.2949,-0.3393
70.500,0.3767,0.0026,0.3674,0.0289,0.00,-0.3149,-0.2943,-0.3385
70.550,0.3753,0.0024,0.3651,0.0289,0.00,-0.3142,-0.2937,-0.3377
70.600,0.3739,0.0021,0.3628,0.0289,0.00,-0.3135,-0.2931,-0.3368
70.650,0.3725,0.0018,0.3605,0.0289,0.00,-0.3127,-0.2924,-0.3360
70.700,0.3711,0.0016,0.3583,0.0289,0.00,-0.3120,-0.2917,-0.3351
70.750,0.3696,0.0013,0.3560,0.0289,0.00,-0.3112,-0.2911,-0.3342
70.800,0.3682,0.0010,0.3537,0.0289,0.00,-0.3104,-0.2904,-0.3334
70.850,0.3668,0.0008,0.3515,0.0289,0.00,-0.3097,-0.2897,-0.3325
70.900,0.3654,0.0005,0.3492,0.0289,0.00,-0.3089,-0.2890,-0.3315
70.950,0.3640,0.0003,0.3469,0.0289,0.00,-0.3080,-0.2883,-0.3306
71.000,0.3625,0.0000,0.3447,0.0289,0.00,-0.3072,-0.2876,-0.3297
71.050,0.3611,-0.0002,0.3424,0.0289,0.00,-0.3064,-0.2868,-0.3287
71.100,0.3597,-0.0005,0.3402,0.0289,0.00,-0.3055,-0.2861,-0.3277
71.150,0.3583,-0.0007,0.3379,0.0289,0.00,-0.3047,-0.2853,-0.3267
71.200,0.3568,-0.0009,0.3357,0.0289,0.00,-0.3038,-0.2846,-0.3258
71.250,0.3554,-0.0012,0.3334,0.0289,0.00,-0.3029,-0.2838,-0.3247
71.300,0.3540,-0.0014,0.3312,0.0288,0.00,-0.3020,-0.2830,-0.3237
71.350,0.3526,-0.0016,0.3290,0.0289,0.00,-0.3012,-0.2822,-0.3227
71.400,0.3512,-0.0019,0.3268,0.0289,0.00,-0.3003,-0.2814,-0.3217
71.450,0.3497,-0.0021,0.3245,0.0289,0.00,-0.2993,-0.2806,-0.3206
71.500,0.3483,-0.0023,0.3223,0.0289,0.00,-0.2984,-0.2798,-0.3196
71.550,0.3469,-0.0025,0.3201,0.0289,0.00,-0.2975,-0.2790,-0.3185
71.600,0.3455,-0.0027,0.3179,0.0289,0.00,-0.2965,-0.2781,-0.3174
71.650,0.3440,-0.0030,0.3157,0.0289,0.00,-0.2956,-0.2773,-0.3163
71.700,0.3426,-0.0032,0.3135,0.0289,0.00,-0.2946,-0.2764,-0.3152
71.750,0.3412,-0.0034,0.3113,0.0289,0.00,-0.2936,-0.2756,-0.3141
71.800,0.3397,-0.0036,0.3091,0.0289,0.00,-0.2926,-0.2747,-0.3130
71.850,0.3383,-0.0038,0.3069,0.0289,0.00,-0.2916,-0.2738,-0.3119
71.900,0.3369,-0.0040,0.3047,0.0289,0.00,-0.2907,-0.2729,-0.3107
71.950,0.3355,-0.0042,0.3026,0.0289,0.00,-0.2896,-0.2720,-0.3096
72.000,0.3340,-0.0044,0.3004,0.0289,0.00,-0.2887,-0.2713,-0.3086
72.050,0.3326,-0.0046,0.2982,0.0289,0.00,-0.2875,-0.2701,-0.3071
72.100,0.3312,-0.0048,0.2960,0.0289,0.00,-0.2866,-0.2694,-0.3061
72.150,0.3297,-0.0050,0.2939,0.0291,0.00,-0.2858,-0.2686,-0.3052
72.200,0.3283,-0.0052,0.2918,0.0291,0.00,-0.2845,-0.2675,-0.3038
72.250,0.3268,-0.0054,0.2896,0.0289,0.00,-0.2835,-0.2666,-0.3026
72.300,0.3254,-0.0056,0.2874,0.0290,0.00,-0.2825,-0.2657,-0.3014
72.350,0.3240,-0.0058,0.2853,0.0290,0.00,-0.2815,-0.2649,-0.3004
72.400,0.3225,-0.0059,0.2832,0.0289,0.00,-0.2804,-0.2639,-0.2991
72.450,0.3211,-0.0061,0.2811,0.0289,0.00,-0.2793,-0.2628,-0.2978
72.500,0.3197,-0.0063,0.2790,0.0289,0.00,-0.2780,-0.2618,-0.2964
72.550,0.3182,-0.0065,0.2769,0.0289,0.00,-0.2771,-0.2609,-0.2953
72.600,0.3168,-0.0067,0.2748,0.0289,0.00,-0.2759,-0.2598,-0.2940
72.650,0.3154,-0.0068,0.2727,0.0290,0.00,-0.2750,-0.2591,-0.2930
72.700,0.3139,-0.0070,0.2707,0.0290,0.00,-0.2739,-0.2580,-0.2917
72.750,0.3125,-0.0072,0.2686,0.0290,0.00,-0.2729,-0.2572,-0.2906
72.800,0.3110,-0.0073,0.2666,0.0290,0.00,-0.2718,-0.2562,-0.2893
72.850,0.3096,-0.0075,0.2645,0.0289,0.00,-0.2705,-0.2551,-0.2879
72.900,0.3082,-0.0077,0.2625,0.0289,0.00,-0.2697,-0.2543,-0.2869
72.950,0.3067,-0.0078,0.2605,0.0290,0.00,-0.2686,-0.2534,-0.2857
73.000,0.3053,-0.0080,0.2585,0.0290,0.00,-0.2675,-0.2524,-0.2845
73.050,0.3038,-0.0081,0.2565,0.0290,0.00,-0.2664,-0.2514,-0.2833
73.100,0.3024,-0.0083,0.2545,0.0290,0.00,-0.2652,-0.2503,-0.2819
73.150,0.3010,-0.0085,0.2525,0.0289,0.00,-0.2640,-0.2493,-0.2806
73.200,0.2995,-0.0086,0.2505,0.0289,0.00,-0.2628,-0.2482,-0.2793
73.250,0.2981,-0.0088,0.2484,0.0290,0.00,-0.2617,-0.2472,-0.2780
73.300,0.2966,-0.0089,0.2464,0.0291,0.00,-0.2604,-0.2460,-0.2765
73.350,0.2952,-0.0090,0.2443,0.0290,0.00,-0.2597,-0.2454,-0.2758
73.400,0.2938,-0.0092,0.2424,0.0290,0.00,-0.2580,-0.2439,-0.2738
73.450,0.2923,-0.0093,0.2404,0.0289,0.00,-0.2571,-0.2430,-0.2728
73.500,0.2909,-0.0095,0.2384,0.0290,0.00,-0.2558,-0.2419,-0.2713
73.550,0.2894,-0.0096,0.2365,0.0290,0.00,-0.2546,-0.2408,-0.2700
73.600,0.2880,-0.0097,0.2345,0.0289,0.00,-0.2535,-0.2398,-0.2687
73.650,0.2866,-0.0099,0.2326,0.0289,0.00,-0.2522,-0.2387,-0.2673
73.700,0.2851,-0.0100,0.2306,0.0289,0.00,-0.2510,-0.2376,-0.2660
73.750,0.2837,-0.0101,0.2287,0.0289,0.00,-0.2498,-0.2366,-0.2647
73.800,0.2822,-0.0103,0.2267,0.0289,0.00,-0.2486,-0.2355,-0.2633
73.850,0.2808,-0.0104,0.2248,0.0289,0.00,-0.2474,-0.2344,-0.2620
73.900,0.2793,-0.0105,0.2229,0.0290,0.00,-0.2462,-0.2333,-0.2606
73.950,0.2779,-0.0106,0.2210,0.0290,0.00,-0.2450,-0.2322,-0.2593
74.000,0.2765,-0.0108,0.2191,0.0290,0.00,-0.2438,-0.2312,-0.2579
74.050,0.2750,-0.0109,0.2172,0.0290,0.00,-0.2426,-0.2301,-0.2566
74.100,0.2736,-0.0110,0.2153,0.0290,0.00,-0.2414,-0.2290,-0.2552
74.150,0.2721,-0.0111,0.2135,0.0290,0.00,-0.2402,-0.2279,-0.2539
74.200,0.2707,-0.0112,0.2116,0.0290,0.00,-0.2389,-0.2268,-0.2525
74.250,0.2692,-0.0113,0.2097,0.0290,0.00,-0.2380,-0.2259,-0.2514
74.300,0.2678,-0.0115,0.2079,0.0290,0.00,-0.2366,-0.2246,-0.2499
74.350,0.2664,-0.0116,0.2061,0.0290,0.00,-0.2354,-0.2235,-0.2485
74.400,0.2649,-0.0117,0.2042,0.0290,0.00,-0.2342,-0.2225,-0.2472
74.450,0.2635,-0.0118,0.2024,0.0290,0.00,-0.2322,-0.2206,-0.2450
74.500,0.2620,-0.0119,0.2004,0.0287,0.00,-0.2322,-0.2206,-0.2450
74.550,0.2606,-0.0120,0.1987,0.0290,0.00,-0.2303,-0.2189,-0.2429
74.600,0.2591,-0.0121,0.1968,0.0289,0.00,-0.2294,-0.2181,-0.2419
74.650,0.2577,-0.0122,0.1951,0.0290,0.00,-0.2281,-0.2170,-0.2405
74.700,0.2563,-0.0123,0.1933,0.0290,0.00,-0.2270,-0.2160,-0.2392
74.750,0.2548,-0.0124,0.1915,0.0290,0.00,-0.2258,-0.2149,-0.2379
74.800,0.2534,-0.0125,0.1897,0.0290,0.00,-0.2243,-0.2135,-0.2363
74.850,0.2519,-0.0126,0.1879,0.0288,0.00,-0.2221,-0.2115,-0.2338
74.900,0.2505,-0.0127,0.1858,0.0286,0.00,-0.2203,-0.2099,-0.2318
74.950,0.2491,-0.0127,0.1837,0.0287,0.00,-0.2191,-0.2088,-0.2305
75.000,0.2476,-0.0128,0.1817,0.0288,0.00,-0.2173,-0.2072,-0.2285
75.050,0.2462,-0.0129,0.1797,0.0288,0.00,-0.2159,-0.2059,-0.2270
75.100,0.2448,-0.0130,0.1778,0.0288,0.00,-0.2142,-0.2043,-0.2251
75.150,0.2433,-0.0131,0.1758,0.0288,0.00,-0.2128,-0.2030,-0.2235
75.200,0.2419,-0.0131,0.1738,0.0288,0.00,-0.2111,-0.2015,-0.2217
75.250,0.2404,-0.0132,0.1719,0.0288,0.00,-0.2097,-0.2002,-0.2201
75.300,0.2390,-0.0133,0.1699,0.0288,0.00,-0.2081,-0.1987,-0.2183
75.350,0.2376,-0.0134,0.1680,0.0288,0.00,-0.2066,-0.1974,-0.2167
75.400,0.2361,-0.0134,0.1661,0.0288,0.00,-0.2050,-0.1960,-0.2150
75.450,0.2347,-0.0135,0.1642,0.0288,0.00,-0.2036,-0.1946,-0.2134
75.500,0.2333,-0.0136,0.1623,0.0288,0.00,-0.2020,-0.1932,-0.2117
75.550,0.2318,-0.0136,0.1605,0.0288,0.00,-0.2005,-0.1918,-0.2101
75.600,0.2304,-0.0137,0.1586,0.0288,0.00,-0.1990,-0.1904,-0.2084
75.650,0.2289,-0.0138,0.1568,0.0288,0.00,-0.1975,-0.1891,-0.2068
75.700,0.2275,-0.0138,0.1549,0.0288,0.00,-0.1960,-0.1877,-0.2051
75.750,0.2261,-0.0139,0.1531,0.0288,0.00,-0.1946,-0.1864,-0.2035
75.800,0.2246,-0.0139,0.1513,0.0288,0.00,-0.1931,-0.1850,-0.2019
75.850,0.2232,-0.0140,0.1495,0.0289,0.00,-0.1916,-0.1836,-0.2003
75.900,0.2217,-0.0140,0.1478,0.0289,0.00,-0.1901,-0.1823,-0.1987
75.950,0.2203,-0.0141,0.1460,0.0289,0.00,-0.1887,-0.1809,-0.1971
76.000,0.2188,-0.0142,0.1442,0.0289,0.00,-0.1872,-0.1796,-0.1955
76.050,0.2174,-0.0142,0.1425,0.0289,0.00,-0.1858,-0.1783,-0.1939
76.100,0.2160,-0.0143,0.1408,0.0289,0.00,-0.1843,-0.1769,-0.1923
76.150,0.2145,-0.0143,0.1391,0.0289,0.00,-0.1829,-0.1756,-0.1908
76.200,0.2131,-0.0144,0.1374,0.0289,0.00,-0.1814,-0.1743,-0.1892
76.250,0.2116,-0.0144,0.1357,0.0289,0.00,-0.1800,-0.1729,-0.1876
76.300,0.2102,-0.0145,0.1340,0.0289,0.00,-0.1786,-0.1716,-0.1861
76.350,0.2087,-0.0145,0.1323,0.0289,0.00,-0.1771,-0.1703,-0.1846
76.400,0.2073,-0.0145,0.1307,0.0289,0.00,-0.1757,-0.1690,-0.1830
76.450,0.2058,-0.0146,0.1290,0.0289,0.00,-0.1743,-0.1677,-0.1815
76.500,0.2044,-0.0146,0.1274,0.0289,0.00,-0.1729,-0.1664,-0.1800
76.550,0.2030,-0.0147,0.1258,0.0289,0.00,-0.1715,-0.1651,-0.1785
76.600,0.2015,-0.0147,0.1242,0.0289,0.00,-0.1701,-0.1638,-0.1770
76.650,0.2001,-0.0147,0.1226,0.0289,0.00,-0.1687,-0.1625,-0.1755
76.700,0.1986,-0.0148,0.1210,0.0289,0.00,-0.1674,-0.1612,-0.1740
76.750,0.1972,-0.0148,0.1194,0.0289,0.00,-0.1660,-0.1600,-0.1725
76.800,0.1957,-0.0149,0.1179,0.0289,0.00,-0.1646,-0.1587,-0.1710
76.850,0.1943,-0.0149,0.1163,0.0289,0.00,-0.1633,-0.1574,-0.1695
76.900,0.1928,-0.0149,0.1148,0.0290,0.00,-0.1619,-0.1561,-0.1681
76.950,0.1914,-0.0150,0.1133,0.0290,0.00,-0.1605,-0.1549,-0.1666
77.000,0.1899,-0.0150,0.1118,0.0290,0.00,-0.1592,-0.1536,-0.1652
77.050,0.1885,-0.0150,0.1103,0.0290,0.00,-0.1579,-0.1524,-0.1637
77.100,0.1870,-0.0150,0.1088,0.0290,0.00,-0.1565,-0.1511,-0.1623
77.150,0.1856,-0.0151,0.1073,0.0290,0.00,-0.1552,-0.1499,-0.1609
77.200,0.1841,-0.0151,0.1058,0.0290,0.00,-0.1539,-0.1487,-0.1594
77.250,0.1827,-0.0151,0.1044,0.0290,0.00,-0.1526,-0.1474,-0.1580
77.300,0.1812,-0.0151,0.1030,0.0290,0.00,-0.1512,-0.1462,-0.1566
77.350,0.1798,-0.0152,0.1015,0.0290,0.00,-0.1499,-0.1450,-0.1552
77.400,0.1783,-0.0152,0.1001,0.0290,0.00,-0.1486,-0.1438,-0.1538
77.450,0.1769,-0.0152,0.0987,0.0290,0.00,-0.1474,-0.1426,-0.1525
77.500,0.1755,-0.0152,0.0973,0.0290,0.00,-0.1461,-0.1414,-0.1511
77.550,0.1740,-0.0153,0.0959,0.0290,0.00,-0.1448,-0.1402,-0.1497
77.600,0.1726,-0.0153,0.0946,0.0290,0.00,-0.1435,-0.1390,-0.1484
77.650,0.1711,-0.0153,0.0932,0.0290,0.00,-0.1422,-0.1378,-0.1470
77.700,0.1696,-0.0153,0.0918,0.0290,0.00,-0.1410,-0.1366,-0.1457
77.750,0.1682,-0.0153,0.0905,0.0290,0.00,-0.1397,-0.1354,-0.1443
77.800,0.1667,-0.0153,0.0892,0.0290,0.00,-0.1385,-0.1342,-0.1430
77.850,0.1653,-0.0154,0.0879,0.0290,0.00,-0.1372,-0.1331,-0.1417
77.900,0.1638,-0.0154,0.0866,0.0290,0.00,-0.1360,-0.1319,-0.1404
77.950,0.1624,-0.0154,0.0853,0.0290,0.00,-0.1348,-0.1308,-0.1390
78.000,0.1609,-0.0154,0.0840,0.0290,0.00,-0.1336,-0.1296,-0.1377
78.050,0.1595,-0.0154,0.0827,0.0290,0.00,-0.1323,-0.1285,-0.1364
78.100,0.1580,-0.0154,0.0814,0.0290,0.00,-0.1311,-0.1273,-0.1352
78.150,0.1566,-0.0154,0.0802,0.0290,0.00,-0.1299,-0.1262,-0.1339
78.200,0.1551,-0.0154,0.0789,0.0290,0.00,-0.1287,-0.1250,-0.1326
78.250,0.1537,-0.0154,0.0777,0.0290,0.00,-0.1275,-0.1239,-0.1313
78.300,0.1522,-0.0154,0.0765,0.0291,0.00,-0.1263,-0.1228,-0.1301
78.350,0.1508,-0.0155,0.0753,0.0291,0.00,-0.1252,-0.1217,-0.1288
78.400,0.1493,-0.0155,0.0741,0.0291,0.00,-0.1240,-0.1206,-0.1276
78.450,0.1479,-0.0155,0.0729,0.0291,0.00,-0.1228,-0.1195,-0.1264
78.500,0.1464,-0.0155,0.0717,0.0291,0.00,-0.1217,-0.1184,-0.1251
78.550,0.1450,-0.0155,0.0705,0.0291,0.00,-0.1205,-0.1173,-0.1239
78.600,0.1435,-0.0155,0.0694,0.0291,0.00,-0.1194,-0.1162,-0.1227
78.650,0.1421,-0.0155,0.0682,0.0291,0.00,-0.1182,-0.1151,-0.1215
78.700,0.1406,-0.0155,0.0671,0.0291,0.00,-0.1171,-0.1140,-0.1203
78.750,0.1391,-0.0155,0.0660,0.0291,0.00,-0.1159,-0.1130,-0.1191
78.800,0.1377,-0.0155,0.0649,0.0291,0.00,-0.1148,-0.1119,-0.1179
78.850,0.1362,-0.0155,0.0637,0.0291,0.00,-0.1137,-0.1108,-0.1167
78.900,0.1348,-0.0155,0.0626,0.0291,0.00,-0.1126,-0.1098,-0.1156
78.950,0.1333,-0.0155,0.0616,0.0291,0.00,-0.1115,-0.1087,-0.1144
79.000,0.1319,-0.0155,0.0605,0.0291,0.00,-0.1104,-0.1077,-0.1133
79.050,0.1304,-0.0155,0.0594,0.0291,0.00,-0.1093,-0.1066,-0.1121
79.100,0.1290,-0.0155,0.0584,0.0291,0.00,-0.1082,-0.1056,-0.1110
79.150,0.1275,-0.0155,0.0573,0.0291,0.00,-0.1071,-0.1046,-0.1098
79.200,0.1261,-0.0155,0.0563,0.0291,0.00,-0.1061,-0.1036,-0.1087
79.250,0.1246,-0.0154,0.0552,0.0291,0.00,-0.1050,-0.1025,-0.1076
79.300,0.1231,-0.0154,0.0542,0.0291,0.00,-0.1039,-0.1015,-0.1065
79.350,0.1217,-0.0154,0.0532,0.0291,0.00,-0.1029,-0.1005,-0.1054
79.400,0.1202,-0.0154,0.0522,0.0291,0.00,-0.1018,-0.0995,-0.1043
79.450,0.1188,-0.0154,0.0512,0.0291,0.00,-0.1008,-0.0985,-0.1032
79.500,0.1173,-0.0154,0.0502,0.0291,0.00,-0.0998,-0.0975,-0.1021
79.550,0.1159,-0.0154,0.0493,0.0291,0.00,-0.0987,-0.0966,-0.1010
79.600,0.1144,-0.0154,0.0483,0.0291,0.00,-0.0977,-0.0956,-0.1000
79.650,0.1130,-0.0154,0.0473,0.0291,0.00,-0.0967,-0.0946,-0.0989
79.700,0.1115,-0.0154,0.0464,0.0291,0.00,-0.0957,-0.0936,-0.0978
79.750,0.1100,-0.0154,0.0455,0.0291,0.00,-0.0947,-0.0927,-0.0968
79.800,0.1086,-0.0153,0.0445,0.0291,0.00,-0.0937,-0.0917,-0.0957
79.850,0.1071,-0.0153,0.0436,0.0291,0.00,-0.0927,-0.0908,-0.0947
79.900,0.1057,-0.0153,0.0427,0.0291,0.00,-0.0917,-0.0898,-0.0937
79.950,0.1042,-0.0153,0.0418,0.0291,0.00,-0.0907,-0.0889,-0.0927
80.000,0.1028,-0.0153,0.0409,0.0291,0.00,-0.0898,-0.0880,-0.0917
80.050,0.1013,-0.0153,0.0400,0.0291,0.00,-0.0888,-0.0870,-0.0906
80.100,0.0998,-0.0153,0.0391,0.0291,0.00,-0.0878,-0.0861,-0.0896
80.150,0.0984,-0.0152,0.0383,0.0291,0.00,-0.0869,-0.0852,-0.0887
80.200,0.0969,-0.0152,0.0374,0.0291,0.00,-0.0859,-0.0843,-0.0877
80.250,0.0955,-0.0152,0.0366,0.0291,0.00,-0.0850,-0.0834,-0.0867
80.300,0.0940,-0.0152,0.0357,0.0291,0.00,-0.0841,-0.0825,-0.0857
80.350,0.0926,-0.0152,0.0349,0.0291,0.00,-0.0831,-0.0816,-0.0848
80.400,0.0911,-0.0152,0.0341,0.0292,0.00,-0.0822,-0.0807,-0.0838
80.450,0.0896,-0.0151,0.0333,0.0292,0.00,-0.0813,-0.0798,-0.0828
80.500,0.0882,-0.0151,0.0325,0.0292,0.00,-0.0804,-0.0789,-0.0819
80.550,0.0867,-0.0151,0.0317,0.0292,0.00,-0.0795,-0.0781,-0.0810
80.600,0.0853,-0.0151,0.0309,0.0292,0.00,-0.0786,-0.0772,-0.0800
80.650,0.0838,-0.0151,0.0301,0.0292,0.00,-0.0777,-0.0763,-0.0791
80.700,0.0824,-0.0151,0.0293,0.0292,0.00,-0.0768,-0.0755,-0.0782
80.750,0.0809,-0.0150,0.0285,0.0292,0.00,-0.0759,-0.0746,-0.0773
80.800,0.0794,-0.0150,0.0278,0.0292,0.00,-0.0751,-0.0738,-0.0764
80.850,0.0780,-0.0150,0.0270,0.0292,0.00,-0.0742,-0.0730,-0.0755
80.900,0.0765,-0.0150,0.0263,0.0292,0.00,-0.0733,-0.0721,-0.0746
80.950,0.0751,-0.0149,0.0256,0.0292,0.00,-0.0725,-0.0713,-0.0737
81.000,0.0736,-0.0149,0.0248,0.0292,0.00,-0.0716,-0.0705,-0.0728
81.050,0.0722,-0.0149,0.0241,0.0292,0.00,-0.0708,-0.0697,-0.0720
81.100,0.0707,-0.0149,0.0234,0.0292,0.00,-0.0700,-0.0689,-0.0711
81.150,0.0692,-0.0149,0.0227,0.0292,0.00,-0.0691,-0.0680,-0.0702
81.200,0.0678,-0.0148,0.0220,0.0292,0.00,-0.0683,-0.0672,-0.0694
81.250,0.0663,-0.0148,0.0213,0.0292,0.00,-0.0675,-0.0665,-0.0685
81.300,0.0649,-0.0148,0.0206,0.0292,0.00,-0.0667,-0.0657,-0.0677
81.350,0.0634,-0.0148,0.0200,0.0292,0.00,-0.0659,-0.0649,-0.0669
81.400,0.0619,-0.0147,0.0193,0.0292,0.00,-0.0651,-0.0641,-0.0660
81.450,0.0605,-0.0147,0.0186,0.0292,0.00,-0.0643,-0.0633,-0.0652
81.500,0.0590,-0.0147,0.0180,0.0292,0.00,-0.0635,-0.0626,-0.0644
81.550,0.0576,-0.0147,0.0173,0.0292,0.00,-0.0627,-0.0618,-0.0636
81.600,0.0561,-0.0146,0.0167,0.0292,0.00,-0.0619,-0.0610,-0.0628
81.650,0.0546,-0.0146,0.0161,0.0292,0.00,-0.0611,-0.0603,-0.0620
81.700,0.0532,-0.0146,0.0155,0.0292,0.00,-0.0604,-0.0595,-0.0612
81.750,0.0517,-0.0146,0.0148,0.0292,0.00,-0.0596,-0.0588,-0.0604
81.800,0.0503,-0.0145,0.0142,0.0292,0.00,-0.0588,-0.0581,-0.0597
81.850,0.0488,-0.0145,0.0136,0.0292,0.00,-0.0581,-0.0573,-0.0589
81.900,0.0473,-0.0145,0.0130,0.0292,0.00,-0.0574,-0.0566,-0.0581
81.950,0.0459,-0.0144,0.0125,0.0292,0.00,-0.0566,-0.0559,-0.0574
82.000,0.0444,-0.0144,0.0119,0.0292,0.00,-0.0559,-0.0552,-0.0566
82.050,0.0430,-0.0144,0.0113,0.0292,0.00,-0.0552,-0.0545,-0.0559
82.100,0.0415,-0.0144,0.0107,0.0292,0.00,-0.0544,-0.0538,-0.0551
82.150,0.0401,-0.0143,0.0102,0.0292,0.00,-0.0537,-0.0531,-0.0544
82.200,0.0386,-0.0143,0.0096,0.0292,0.00,-0.0530,-0.0524,-0.0537
82.250,0.0371,-0.0143,0.0091,0.0292,0.00,-0.0523,-0.0517,-0.0529
82.300,0.0357,-0.0142,0.0085,0.0292,0.00,-0.0516,-0.0510,-0.0522
82.350,0.0342,-0.0142,0.0080,0.0292,0.00,-0.0509,-0.0503,-0.0515
82.400,0.0328,-0.0142,0.0075,0.0292,0.00,-0.0502,-0.0496,-0.0508
82.450,0.0313,-0.0142,0.0069,0.0292,0.00,-0.0495,-0.0490,-0.0501
82.500,0.0298,-0.0141,0.0064,0.0292,0.00,-0.0489,-0.0483,-0.0494
82.550,0.0284,-0.0141,0.0059,0.0292,0.00,-0.0482,-0.0477,-0.0487
82.600,0.0269,-0.0141,0.0054,0.0292,0.00,-0.0475,-0.0470,-0.0481
82.650,0.0255,-0.0140,0.0049,0.0292,0.00,-0.0469,-0.0464,-0.0474
82.700,0.0240,-0.0140,0.0044,0.0292,0.00,-0.0463,-0.0458,-0.0468
82.750,0.0225,-0.0140,0.0040,0.0292,0.00,-0.0456,-0.0452,-0.0461
82.800,0.0211,-0.0139,0.0035,0.0292,0.00,-0.0450,-0.0446,-0.0455
82.850,0.0196,-0.0139,0.0031,0.0292,0.00,-0.0444,-0.0440,-0.0449
82.900,0.0181,-0.0139,0.0026,0.0292,0.00,-0.0438,-0.0434,-0.0442
82.950,0.0167,-0.0138,0.0022,0.0292,0.00,-0.0432,-0.0428,-0.0436
83.000,0.0152,-0.0138,0.0017,0.0292,0.00,-0.0426,-0.0422,-0.0430
83.050,0.0138,-0.0138,0.0013,0.0292,0.00,-0.0420,-0.0416,-0.0424
83.100,0.0123,-0.0138,0.0009,0.0292,0.00,-0.0414,-0.0410,-0.0418
83.150,0.0108,-0.0137,0.0004,0.0292,0.00,-0.0408,-0.0404,-0.0412
83.200,0.0094,-0.0137,0.0000,0.0292,0.00,-0.0402,-0.0398,-0.0406
83.250,0.0079,-0.0137,-0.0004,0.0292,0.00,-0.0396,-0.0392,-0.0400
83.300,0.0065,-0.0136,-0.0008,0.0292,0.00,-0.0390,-0.0387,-0.0394
83.350,0.0050,-0.0136,-0.0012,0.0292,0.00,-0.0385,-0.0381,-0.0388
83.400,0.0035,-0.0136,-0.0016,0.0292,0.00,-0.0379,-0.0376,-0.0382
83.450,0.0021,-0.0135,-0.0020,0.0292,0.00,-0.0373,-0.0370,-0.0376
83.500,0.0006,-0.0135,-0.0024,0.0292,0.00,-0.0368,-0.0365,-0.0371
83.550,-0.0008,-0.0135,-0.0028,0.0292,0.00,-0.0362,-0.0359,-0.0365
83.600,-0.0023,-0.0134,-0.0031,0.0292,0.00,-0.0357,-0.0354,-0.0360
83.650,-0.0038,-0.0134,-0.0035,0.0292,0.00,-0.0351,-0.0348,-0.0354
83.700,-0.0052,-0.0134,-0.0039,0.0292,0.00,-0.0346,-0.0343,-0.0348
83.750,-0.0067,-0.0133,-0.0042,0.0292,0.00,-0.0340,-0.0338,-0.0343
83.800,-0.0081,-0.0133,-0.0046,0.0292,0.00,-0.0335,-0.0332,-0.0338
83.850,-0.0096,-0.0133,-0.0050,0.0292,0.00,-0.0330,-0.0327,-0.0332
83.900,-0.0111,-0.0132,-0.0053,0.0292,0.00,-0.0324,-0.0322,-0.0327
83.950,-0.0125,-0.0132,-0.0056,0.0292,0.00,-0.0319,-0.0317,-0.0322
84.000,-0.0140,-0.0132,-0.0060,0.0292,0.00,-0.0314,-0.0312,-0.0316
84.050,-0.0155,-0.0131,-0.0063,0.0292,0.00,-0.0309,-0.0307,-0.0311
84.100,-0.0169,-0.0131,-0.0066,0.0292,0.00,-0.0304,-0.0302,-0.0306
84.150,-0.0184,-0.0131,-0.0070,0.0292,0.00,-0.0299,-0.0297,-0.0301
84.200,-0.0198,-0.0130,-0.0073,0.0292,0.00,-0.0294,-0.0292,-0.0296
84.250,-0.0213,-0.0130,-0.0076,0.0292,0.00,-0.0289,-0.0287,-0.0291
84.300,-0.0228,-0.0130,-0.0079,0.0292,0.00,-0.0284,-0.0282,-0.0286
84.350,-0.0242,-0.0129,-0.0082,0.0292,0.00,-0.0279,-0.0278,-0.0281
84.400,-0.0257,-0.0129,-0.0085,0.0292,0.00,-0.0275,-0.0273,-0.0276
84.450,-0.0271,-0.0129,-0.0088,0.0292,0.00,-0.0270,-0.0268,-0.0271
84.500,-0.0286,-0.0128,-0.0091,0.0292,0.00,-0.0265,-0.0263,-0.0267
84.550,-0.0301,-0.0128,-0.0094,0.0292,0.00,-0.0260,-0.0259,-0.0262
84.600,-0.0315,-0.0128,-0.0097,0.0292,0.00,-0.0256,-0.0254,-0.0257
84.650,-0.0330,-0.0127,-0.0100,0.0292,0.00,-0.0251,-0.0250,-0.0253
84.700,-0.0345,-0.0127,-0.0102,0.0292,0.00,-0.0247,-0.0245,-0.0248
84.750,-0.0359,-0.0127,-0.0105,0.0292,0.00,-0.0242,-0.0241,-0.0243
84.800,-0.0374,-0.0126,-0.0108,0.0292,0.00,-0.0238,-0.0236,-0.0239
84.850,-0.0388,-0.0126,-0.0111,0.0292,0.00,-0.0233,-0.0232,-0.0234
84.900,-0.0403,-0.0126,-0.0113,0.0292,0.00,-0.0229,-0.0228,-0.0230
84.950,-0.0418,-0.0125,-0.0116,0.0292,0.00,-0.0224,-0.0223,-0.0226
85.000,-0.0432,-0.0125,-0.0118,0.0292,0.00,-0.0220,-0.0219,-0.0221
85.050,-0.0447,-0.0125,-0.0121,0.0292,0.00,-0.0216,-0.0215,-0.0217
85.100,-0.0461,-0.0124,-0.0123,0.0292,0.00,-0.0212,-0.0211,-0.0213
85.150,-0.0476,-0.0124,-0.0125,0.0292,0.00,-0.0207,-0.0206,-0.0208
85.200,-0.0491,-0.0124,-0.0128,0.0292,0.00,-0.0203,-0.0202,-0.0204
85.250,-0.0505,-0.0123,-0.0130,0.0292,0.00,-0.0199,-0.0198,-0.0200
85.300,-0.0520,-0.0123,-0.0132,0.0292,0.00,-0.0195,-0.0194,-0.0196
85.350,-0.0535,-0.0123,-0.0135,0.0292,0.00,-0.0191,-0.0190,-0.0192
85.400,-0.0549,-0.0122,-0.0137,0.0292,0.00,-0.0187,-0.0186,-0.0188
85.450,-0.0564,-0.0122,-0.0139,0.0292,0.00,-0.0183,-0.0182,-0.0184
85.500,-0.0578,-0.0121,-0.0141,0.0292,0.00,-0.0179,-0.0178,-0.0180
85.550,-0.0593,-0.0121,-0.0143,0.0292,0.00,-0.0175,-0.0175,-0.0176
85.600,-0.0608,-0.0121,-0.0145,0.0292,0.00,-0.0171,-0.0171,-0.0172
85.650,-0.0622,-0.0120,-0.0147,0.0292,0.00,-0.0168,-0.0167,-0.0168
85.700,-0.0637,-0.0120,-0.0149,0.0292,0.00,-0.0164,-0.0163,-0.0164
85.750,-0.0651,-0.0120,-0.0151,0.0292,0.00,-0.0160,-0.0159,-0.0161
85.800,-0.0666,-0.0119,-0.0153,0.0292,0.00,-0.0156,-0.0156,-0.0157
85.850,-0.0681,-0.0119,-0.0155,0.0292,0.00,-0.0153,-0.0152,-0.0153
85.900,-0.0695,-0.0119,-0.0157,0.0292,0.00,-0.0149,-0.0149,-0.0150
85.950,-0.0710,-0.0118,-0.0159,0.0292,0.00,-0.0146,-0.0145,-0.0146
86.000,-0.0725,-0.0118,-0.0161,0.0292,0.00,-0.0142,-0.0142,-0.0142
86.050,-0.0739,-0.0118,-0.0162,0.0292,0.00,-0.0138,-0.0138,-0.0139
86.100,-0.0754,-0.0117,-0.0164,0.0292,0.00,-0.0135,-0.0135,-0.0135
86.150,-0.0768,-0.0117,-0.0166,0.0292,0.00,-0.0132,-0.0131,-0.0132
86.200,-0.0783,-0.0117,-0.0167,0.0292,0.00,-0.0128,-0.0128,-0.0129
86.250,-0.0798,-0.0116,-0.0169,0.0292,0.00,-0.0125,-0.0124,-0.0125
86.300,-0.0812,-0.0116,-0.0171,0.0292,0.00,-0.0121,-0.0121,-0.0122
86.350,-0.0827,-0.0116,-0.0172,0.0292,0.00,-0.0118,-0.0118,-0.0118
86.400,-0.0842,-0.0115,-0.0174,0.0292,0.00,-0.0115,-0.0115,-0.0115
86.450,-0.0856,-0.0115,-0.0175,0.0292,0.00,-0.0112,-0.0111,-0.0112
86.500,-0.0871,-0.0115,-0.0177,0.0292,0.00,-0.0108,-0.0108,-0.0109
86.550,-0.0885,-0.0114,-0.0178,0.0292,0.00,-0.0105,-0.0105,-0.0106
86.600,-0.0900,-0.0114,-0.0179,0.0293,0.00,-0.0102,-0.0102,-0.0102
86.650,-0.0915,-0.0114,-0.0181,0.0293,0.00,-0.0099,-0.0099,-0.0099
86.700,-0.0929,-0.0113,-0.0182,0.0293,0.00,-0.0096,-0.0096,-0.0096
86.750,-0.0944,-0.0113,-0.0183,0.0293,0.00,-0.0093,-0.0093,-0.0093
86.800,-0.0959,-0.0113,-0.0185,0.0293,0.00,-0.0090,-0.0090,-0.0090
86.850,-0.0973,-0.0112,-0.0186,0.0293,0.00,-0.0087,-0.0087,-0.0087
86.900,-0.0988,-0.0112,-0.0187,0.0293,0.00,-0.0084,-0.0084,-0.0084
86.950,-0.1002,-0.0112,-0.0188,0.0293,0.00,-0.0081,-0.0081,-0.0081
87.000,-0.1017,-0.0111,-0.0189,0.0293,0.00,-0.0078,-0.0078,-0.0079
87.050,-0.1032,-0.0111,-0.0191,0.0293,0.00,-0.0076,-0.0075,-0.0076
87.100,-0.1046,-0.0111,-0.0192,0.0293,0.00,-0.0073,-0.0073,-0.0073
87.150,-0.1061,-0.0110,-0.0193,0.0293,0.00,-0.0070,-0.0070,-0.0070
87.200,-0.1075,-0.0110,-0.0194,0.0293,0.00,-0.0067,-0.0067,-0.0067
87.250,-0.1090,-0.0110,-0.0195,0.0293,0.00,-0.0065,-0.0065,-0.0065
87.300,-0.1105,-0.0109,-0.0196,0.0293,0.00,-0.0062,-0.0062,-0.0062
87.350,-0.1119,-0.0109,-0.0197,0.0293,0.00,-0.0059,-0.0059,-0.0059
87.400,-0.1134,-0.0109,-0.0198,0.0293,0.00,-0.0057,-0.0057,-0.0057
87.450,-0.1149,-0.0108,-0.0199,0.0293,0.00,-0.0054,-0.0054,-0.0054
87.500,-0.1163,-0.0108,-0.0200,0.0293,0.00,-0.0052,-0.0052,-0.0052
87.550,-0.1178,-0.0108,-0.0200,0.0293,0.00,-0.0049,-0.0049,-0.0049
87.600,-0.1192,-0.0107,-0.0201,0.0293,0.00,-0.0047,-0.0047,-0.0047
87.650,-0.1207,-0.0107,-0.0202,0.0293,0.00,-0.0044,-0.0044,-0.0044
87.700,-0.1222,-0.0107,-0.0203,0.0293,0.00,-0.0042,-0.0042,-0.0042
87.750,-0.1236,-0.0106,-0.0204,0.0293,0.00,-0.0039,-0.0039,-0.0039
87.800,-0.1251,-0.0106,-0.0204,0.0293,0.00,-0.0037,-0.0037,-0.0037
87.850,-0.1266,-0.0106,-0.0205,0.0293,0.00,-0.0035,-0.0035,-0.0035
87.900,-0.1280,-0.0105,-0.0206,0.0293,0.00,-0.0032,-0.0032,-0.0032
87.950,-0.1295,-0.0105,-0.0207,0.0293,0.00,-0.0030,-0.0030,-0.0030
88.000,-0.1309,-0.0105,-0.0207,0.0293,0.00,-0.0028,-0.0028,-0.0028
88.050,-0.1324,-0.0104,-0.0208,0.0293,0.00,-0.0026,-0.0026,-0.0026
88.100,-0.1339,-0.0104,-0.0208,0.0293,0.00,-0.0023,-0.0023,-0.0023
88.150,-0.1353,-0.0104,-0.0209,0.0293,0.00,-0.0021,-0.0021,-0.0021
88.200,-0.1368,-0.0104,-0.0210,0.0293,0.00,-0.0019,-0.0019,-0.0019
88.250,-0.1383,-0.0103,-0.0210,0.0293,0.00,-0.0017,-0.0017,-0.0017
88.300,-0.1397,-0.0103,-0.0211,0.0293,0.00,-0.0015,-0.0015,-0.0015
88.350,-0.1412,-0.0103,-0.0211,0.0293,0.00,-0.0013,-0.0013,-0.0013
88.400,-0.1426,-0.0102,-0.0212,0.0293,0.00,-0.0011,-0.0011,-0.0011
88.450,-0.1441,-0.0102,-0.0212,0.0293,0.00,-0.0009,-0.0009,-0.0009
88.500,-0.1456,-0.0102,-0.0213,0.0293,0.00,-0.0007,-0.0007,-0.0007
88.550,-0.1470,-0.0101,-0.0213,0.0293,0.00,-0.0005,-0.0005,-0.0005
88.600,-0.1485,-0.0101,-0.0213,0.0293,0.00,-0.0003,-0.0003,-0.0003
88.650,-0.1500,-0.0101,-0.0214,0.0293,0.00,-0.0001,-0.0001,-0.0001
88.700,-0.1514,-0.0100,-0.0214,0.0293,0.00,0.0001,0.0001,0.0001
88.750,-0.1529,-0.0100,-0.0214,0.0293,0.00,0.0003,0.0003,0.0003
88.800,-0.1543,-0.0100,-0.0215,0.0293,0.00,0.0005,0.0005,0.0005
88.850,-0.1558,-0.0100,-0.0215,0.0293,0.00,0.0006,0.0006,0.0006
88.900,-0.1573,-0.0099,-0.0215,0.0293,0.00,0.0008,0.0008,0.0008
88.950,-0.1587,-0.0099,-0.0216,0.0293,0.00,0.0010,0.0010,0.0010
89.000,-0.1602,-0.0099,-0.0216,0.0293,0.00,0.0012,0.0012,0.0012
89.050,-0.1617,-0.0098,-0.0216,0.0293,0.00,0.0013,0.0013,0.0013
89.100,-0.1631,-0.0098,-0.0216,0.0293,0.00,0.0015,0.0015,0.0015
89.150,-0.1646,-0.0098,-0.0217,0.0293,0.00,0.0017,0.0017,0.0017
89.200,-0.1660,-0.0097,-0.0217,0.0293,0.00,0.0018,0.0018,0.0018
89.250,-0.1675,-0.0097,-0.0217,0.0293,0.00,0.0020,0.0020,0.0020
89.300,-0.1690,-0.0097,-0.0217,0.0293,0.00,0.0022,0.0022,0.0022
89.350,-0.1704,-0.0097,-0.0217,0.0293,0.00,0.0023,0.0023,0.0023
89.400,-0.1719,-0.0096,-0.0217,0.0293,0.00,0.0025,0.0025,0.0025
89.450,-0.1734,-0.0096,-0.0217,0.0293,0.00,0.0026,0.0026,0.0026
89.500,-0.1748,-0.0096,-0.0217,0.0293,0.00,0.0028,0.0028,0.0028
89.550,-0.1763,-0.0095,-0.0218,0.0293,0.00,0.0029,0.0029,0.0029
89.600,-0.1777,-0.0095,-0.0218,0.0293,0.00,0.0031,0.0031,0.0031
89.650,-0.1792,-0.0095,-0.0218,0.0293,0.00,0.0032,0.0032,0.0032
89.700,-0.1807,-0.0095,-0.0218,0.0293,0.00,0.0033,0.0033,0.0033
89.750,-0.1821,-0.0094,-0.0218,0.0293,0.00,0.0035,0.0035,0.0035
89.800,-0.1836,-0.0094,-0.0218,0.0293,0.00,0.0036,0.0036,0.0036
89.850,-0.1851,-0.0094,-0.0218,0.0293,0.00,0.0038,0.0038,0.0038
89.900,-0.1865,-0.0093,-0.0218,0.0293,0.00,0.0039,0.0039,0.0039
89.950,-0.1880,-0.0093,-0.0218,0.0293,0.00,0.0040,0.0040,0.0040
90.000,-0.1895,-0.0093,-0.0217,0.0293,0.00,0.0041,0.0041,0.0041
90.050,-0.1909,-0.0093,-0.0217,0.0293,0.00,0.0043,0.0043,0.0043
90.100,-0.1924,-0.0092,-0.0217,0.0293,0.00,0.0044,0.0044,0.0044
90.150,-0.1938,-0.0092,-0.0217,0.0293,0.00,0.0045,0.0045,0.0045
90.200,-0.1953,-0.0092,-0.0217,0.0293,0.00,0.0046,0.0046,0.0046
90.250,-0.1968,-0.0092,-0.0217,0.0293,0.00,0.0048,0.0048,0.0048
90.300,-0.1982,-0.0091,-0.0217,0.0293,0.00,0.0049,0.0049,0.0049
90.350,-0.1997,-0.0091,-0.0217,0.0293,0.00,0.0050,0.0050,0.0050
90.400,-0.2012,-0.0091,-0.0217,0.0293,0.00,0.0051,0.0051,0.0051
90.450,-0.2026,-0.0090,-0.0216,0.0293,0.00,0.0052,0.0052,0.0052
90.500,-0.2041,-0.0090,-0.0216,0.0293,0.00,0.0053,0.0053,0.0053
90.550,-0.2055,-0.0090,-0.0216,0.0293,0.00,0.0054,0.0054,0.0054
90.600,-0.2070,-0.0090,-0.0216,0.0293,0.00,0.0055,0.0055,0.0055
90.650,-0.2085,-0.0089,-0.0215,0.0293,0.00,0.0056,0.0056,0.0056
90.700,-0.2099,-0.0089,-0.0215,0.0293,0.00,0.0057,0.0057,0.0057
90.750,-0.2114,-0.0089,-0.0215,0.0293,0.00,0.0058,0.0058,0.0058
90.800,-0.2129,-0.0089,-0.0215,0.0293,0.00,0.0059,0.0059,0.0059
90.850,-0.2143,-0.0088,-0.0214,0.0293,0.00,0.0060,0.0060,0.0060
90.900,-0.2158,-0.0088,-0.0214,0.0293,0.00,0.0061,0.0061,0.0061
90.950,-0.2172,-0.0088,-0.0214,0.0293,0.00,0.0062,0.0062,0.0062
91.000,-0.2187,-0.0088,-0.0214,0.0293,0.00,0.0063,0.0063,0.0063
91.050,-0.2202,-0.0087,-0.0213,0.0293,0.00,0.0064,0.0064,0.0064
91.100,-0.2216,-0.0087,-0.0213,0.0293,0.00,0.0065,0.0065,0.0065
91.150,-0.2231,-0.0087,-0.0213,0.0293,0.00,0.0066,0.0066,0.0066
91.200,-0.2246,-0.0087,-0.0212,0.0293,0.00,0.0066,0.0066,0.0066
91.250,-0.2260,-0.0086,-0.0212,0.0293,0.00,0.0067,0.0067,0.0067
91.300,-0.2275,-0.0086,-0.0211,0.0293,0.00,0.0068,0.0068,0.0068
91.350,-0.2289,-0.0086,-0.0211,0.0293,0.00,0.0069,0.0069,0.0069
91.400,-0.2304,-0.0086,-0.0211,0.0293,0.00,0.0070,0.0070,0.0069
91.450,-0.2319,-0.0085,-0.0210,0.0293,0.00,0.0070,0.0070,0.0070
91.500,-0.2333,-0.0085,-0.0210,0.0293,0.00,0.0071,0.0071,0.0071
91.550,-0.2348,-0.0085,-0.0209,0.0293,0.00,0.0072,0.0072,0.0072
91.600,-0.2363,-0.0085,-0.0209,0.0293,0.00,0.0072,0.0073,0.0072
91.650,-0.2377,-0.0084,-0.0209,0.0293,0.00,0.0073,0.0073,0.0073
91.700,-0.2392,-0.0084,-0.0208,0.0293,0.00,0.0074,0.0074,0.0074
91.750,-0.2407,-0.0084,-0.0208,0.0293,0.00,0.0074,0.0075,0.0074
91.800,-0.2421,-0.0084,-0.0207,0.0293,0.00,0.0075,0.0075,0.0075
91.850,-0.2436,-0.0083,-0.0207,0.0293,0.00,0.0076,0.0076,0.0076
91.900,-0.2450,-0.0083,-0.0206,0.0293,0.00,0.0076,0.0076,0.0076
91.950,-0.2465,-0.0083,-0.0206,0.0293,0.00,0.0077,0.0077,0.0077
92.000,-0.2480,-0.0083,-0.0205,0.0293,0.00,0.0078,0.0078,0.0077
92.050,-0.2494,-0.0082,-0.0205,0.0293,0.00,0.0078,0.0078,0.0078
92.100,-0.2509,-0.0082,-0.0204,0.0293,0.00,0.0079,0.0079,0.0078
92.150,-0.2524,-0.0082,-0.0204,0.0293,0.00,0.0079,0.0079,0.0079
92.200,-0.2538,-0.0082,-0.0203,0.0293,0.00,0.0080,0.0080,0.0080
92.250,-0.2553,-0.0082,-0.0203,0.0293,0.00,0.0080,0.0080,0.0080
92.300,-0.2567,-0.0081,-0.0202,0.0293,0.00,0.0081,0.0081,0.0081
92.350,-0.2582,-0.0081,-0.0202,0.0293,0.00,0.0081,0.0081,0.0081
92.400,-0.2597,-0.0081,-0.0201,0.0293,0.00,0.0082,0.0082,0.0082
92.450,-0.2611,-0.0081,-0.0201,0.0293,0.00,0.0082,0.0082,0.0082
92.500,-0.2626,-0.0080,-0.0200,0.0293,0.00,0.0083,0.0083,0.0083
92.550,-0.2641,-0.0080,-0.0200,0.0293,0.00,0.0083,0.0083,0.0083
92.600,-0.2655,-0.0080,-0.0199,0.0293,0.00,0.0084,0.0084,0.0083
92.650,-0.2670,-0.0080,-0.0198,0.0293,0.00,0.0084,0.0084,0.0084
92.700,-0.2685,-0.0080,-0.0198,0.0293,0.00,0.0084,0.0084,0.0084
92.750,-0.2699,-0.0079,-0.0197,0.0293,0.00,0.0085,0.0085,0.0085
92.800,-0.2714,-0.0079,-0.0197,0.0293,0.00,0.0085,0.0085,0.0085
92.850,-0.2728,-0.0079,-0.0196,0.0293,0.00,0.0085,0.0086,0.0085
92.900,-0.2743,-0.0079,-0.0196,0.0293,0.00,0.0086,0.0086,0.0086
92.950,-0.2758,-0.0079,-0.0195,0.0293,0.00,0.0086,0.0086,0.0086
93.000,-0.2772,-0.0078,-0.0194,0.0293,0.00,0.0087,0.0087,0.0086
93.050,-0.2787,-0.0078,-0.0194,0.0293,0.00,0.0087,0.0087,0.0087
93.100,-0.2802,-0.0078,-0.0193,0.0293,0.00,0.0087,0.0087,0.0087
93.150,-0.2816,-0.0078,-0.0192,0.0293,0.00,0.0087,0.0088,0.0087
93.200,-0.2831,-0.0078,-0.0192,0.0293,0.00,0.0088,0.0088,0.0088
93.250,-0.2845,-0.0077,-0.0191,0.0293,0.00,0.0088,0.0088,0.0088
93.300,-0.2860,-0.0077,-0.0191,0.0293,0.00,0.0088,0.0088,0.0088
93.350,-0.2875,-0.0077,-0.0190,0.0293,0.00,0.0089,0.0089,0.0088
93.400,-0.2889,-0.0077,-0.0189,0.0293,0.00,0.0089,0.0089,0.0089
93.450,-0.2904,-0.0077,-0.0189,0.0293,0.00,0.0089,0.0089,0.0089
93.500,-0.2919,-0.0076,-0.0188,0.0293,0.00,0.0089,0.0089,0.0089
93.550,-0.2933,-0.0076,-0.0187,0.0293,0.00,0.0089,0.0090,0.0089
93.600,-0.2948,-0.0076,-0.0187,0.0293,0.00,0.0090,0.0090,0.0089
93.650,-0.2963,-0.0076,-0.0186,0.0293,0.00,0.0090,0.0090,0.0090
93.700,-0.2977,-0.0076,-0.0185,0.0293,0.00,0.0090,0.0090,0.0090
93.750,-0.2992,-0.0075,-0.0185,0.0293,0.00,0.0090,0.0090,0.0090
93.800,-0.3006,-0.0075,-0.0184,0.0293,0.00,0.0090,0.0091,0.0090
93.850,-0.3021,-0.0075,-0.0183,0.0293,0.00,0.0090,0.0091,0.0090
93.900,-0.3036,-0.0075,-0.0183,0.0293,0.00,0.0091,0.0091,0.0090
93.950,-0.3050,-0.0075,-0.0182,0.0293,0.00,0.0091,0.0091,0.0091
94.000,-0.3065,-0.0074,-0.0181,0.0293,0.00,0.0091,0.0091,0.0091
94.050,-0.3080,-0.0074,-0.0181,0.0293,0.00,0.0091,0.0091,0.0091
94.100,-0.3094,-0.0074,-0.0180,0.0293,0.00,0.0091,0.0091,0.0091
94.150,-0.3109,-0.0074,-0.0179,0.0293,0.00,0.0091,0.0091,0.0091
94.200,-0.3123,-0.0074,-0.0179,0.0293,0.00,0.0091,0.0091,0.0091
94.250,-0.3138,-0.0073,-0.0178,0.0293,0.00,0.0091,0.0092,0.0091
94.300,-0.3153,-0.0073,-0.0177,0.0293,0.00,0.0091,0.0092,0.0091
94.350,-0.3167,-0.0073,-0.0177,0.0293,0.00,0.0092,0.0092,0.0091
94.400,-0.3182,-0.0073,-0.0176,0.0293,0.00,0.0092,0.0092,0.0091
94.450,-0.3197,-0.0073,-0.0175,0.0293,0.00,0.0092,0.0092,0.0091
94.500,-0.3211,-0.0073,-0.0174,0.0293,0.00,0.0092,0.0092,0.0091
94.550,-0.3226,-0.0072,-0.0174,0.0293,0.00,0.0092,0.0092,0.0092
94.600,-0.3241,-0.0072,-0.0173,0.0293,0.00,0.0092,0.0092,0.0092
94.650,-0.3255,-0.0072,-0.0172,0.0293,0.00,0.0092,0.0092,0.0092
94.700,-0.3270,-0.0072,-0.0172,0.0293,0.00,0.0092,0.0092,0.0092
94.750,-0.3284,-0.0072,-0.0171,0.0293,0.00,0.0092,0.0092,0.0092
94.800,-0.3299,-0.0072,-0.0170,0.0293,0.00,0.0092,0.0092,0.0092
94.850,-0.3314,-0.0071,-0.0169,0.0293,0.00,0.0092,0.0092,0.0092
94.900,-0.3328,-0.0071,-0.0169,0.0293,0.00,0.0092,0.0092,0.0091
94.950,-0.3343,-0.0071,-0.0168,0.0293,0.00,0.0092,0.0092,0.0092
95.000,-0.3358,-0.0071,-0.0167,0.0293,0.00,0.0092,0.0092,0.0091
95.050,-0.3372,-0.0071,-0.0167,0.0293,0.00,0.0092,0.0092,0.0091
95.100,-0.3387,-0.0071,-0.0166,0.0293,0.00,0.0092,0.0092,0.0091
95.150,-0.3402,-0.0070,-0.0165,0.0293,0.00,0.0092,0.0092,0.0091
95.200,-0.3416,-0.0070,-0.0164,0.0293,0.00,0.0092,0.0092,0.0091
95.250,-0.3431,-0.0070,-0.0164,0.0293,0.00,0.0092,0.0092,0.0091
95.300,-0.3445,-0.0070,-0.0163,0.0293,0.00,0.0091,0.0091,0.0091
95.350,-0.3460,-0.0070,-0.0162,0.0293,0.00,0.0092,0.0092,0.0091
95.400,-0.3475,-0.0070,-0.0161,0.0293,0.00,0.0091,0.0091,0.0091
95.450,-0.3489,-0.0069,-0.0161,0.0293,0.00,0.0091,0.0091,0.0091
95.500,-0.3504,-0.0069,-0.0160,0.0293,0.00,0.0091,0.0091,0.0091
95.550,-0.3519,-0.0069,-0.0159,0.0293,0.00,0.0091,0.0091,0.0091
95.600,-0.3533,-0.0069,-0.0159,0.0293,0.00,0.0091,0.0091,0.0091
95.650,-0.3548,-0.0069,-0.0158,0.0293,0.00,0.0091,0.0091,0.0090
95.700,-0.3562,-0.0069,-0.0157,0.0293,0.00,0.0091,0.0091,0.0090
95.750,-0.3577,-0.0068,-0.0156,0.0293,0.00,0.0090,0.0091,0.0090
95.800,-0.3592,-0.0068,-0.0156,0.0293,0.00,0.0090,0.0091,0.0090
95.850,-0.3606,-0.0068,-0.0155,0.0293,0.00,0.0090,0.0090,0.0090
95.900,-0.3621,-0.0068,-0.0154,0.0293,0.00,0.0090,0.0090,0.0090
95.950,-0.3636,-0.0068,-0.0153,0.0293,0.00,0.0090,0.0090,0.0090
96.000,-0.3650,-0.0068,-0.0153,0.0293,0.00,0.0090,0.0090,0.0090
96.050,-0.3665,-0.0068,-0.0152,0.0293,0.00,0.0090,0.0090,0.0089
96.100,-0.3680,-0.0067,-0.0151,0.0293,0.00,0.0089,0.0090,0.0089
96.150,-0.3694,-0.0067,-0.0150,0.0293,0.00,0.0089,0.0090,0.0089
96.200,-0.3709,-0.0067,-0.0150,0.0293,0.00,0.0089,0.0089,0.0089
96.250,-0.3723,-0.0067,-0.0149,0.0293,0.00,0.0089,0.0089,0.0089
96.300,-0.3738,-0.0067,-0.0148,0.0293,0.00,0.0089,0.0089,0.0089
96.350,-0.3753,-0.0067,-0.0148,0.0293,0.00,0.0089,0.0089,0.0088
96.400,-0.3767,-0.0067,-0.0147,0.0293,0.00,0.0088,0.0089,0.0088
96.450,-0.3782,-0.0066,-0.0146,0.0293,0.00,0.0088,0.0088,0.0088
96.500,-0.3797,-0.0066,-0.0145,0.0293,0.00,0.0088,0.0088,0.0088
96.550,-0.3811,-0.0066,-0.0145,0.0293,0.00,0.0088,0.0088,0.0088
96.600,-0.3826,-0.0066,-0.0144,0.0293,0.00,0.0088,0.0088,0.0087
96.650,-0.3841,-0.0066,-0.0143,0.0293,0.00,0.0087,0.0088,0.0087
96.700,-0.3855,-0.0066,-0.0142,0.0293,0.00,0.0087,0.0087,0.0087
96.750,-0.3870,-0.0066,-0.0142,0.0293,0.00,0.0087,0.0087,0.0087
96.800,-0.3884,-0.0066,-0.0141,0.0293,0.00,0.0087,0.0087,0.0087
96.850,-0.3899,-0.0065,-0.0140,0.0293,0.00,0.0086,0.0087,0.0086
96.900,-0.3914,-0.0065,-0.0140,0.0293,0.00,0.0086,0.0086,0.0086
96.950,-0.3928,-0.0065,-0.0139,0.0293,0.00,0.0086,0.0086,0.0086
97.000,-0.3943,-0.0065,-0.0138,0.0293,0.00,0.0086,0.0086,0.0086
97.050,-0.3958,-0.0065,-0.0137,0.0293,0.00,0.0085,0.0086,0.0085
97.100,-0.3972,-0.0065,-0.0137,0.0293,0.00,0.0085,0.0085,0.0085
97.150,-0.3987,-0.0065,-0.0136,0.0293,0.00,0.0085,0.0085,0.0085
97.200,-0.4002,-0.0064,-0.0135,0.0293,0.00,0.0085,0.0085,0.0085
97.250,-0.4016,-0.0064,-0.0134,0.0293,0.00,0.0084,0.0085,0.0084
97.300,-0.4031,-0.0064,-0.0134,0.0293,0.00,0.0084,0.0084,0.0084
97.350,-0.4045,-0.0064,-0.0133,0.0293,0.00,0.0084,0.0084,0.0084
97.400,-0.4060,-0.0064,-0.0132,0.0293,0.00,0.0084,0.0084,0.0083
97.450,-0.4075,-0.0064,-0.0132,0.0293,0.00,0.0083,0.0084,0.0083
97.500,-0.4089,-0.0064,-0.0131,0.0293,0.00,0.0083,0.0083,0.0083
97.550,-0.4104,-0.0064,-0.0130,0.0293,0.00,0.0083,0.0083,0.0083
97.600,-0.4119,-0.0063,-0.0129,0.0293,0.00,0.0083,0.0083,0.0082
97.650,-0.4133,-0.0063,-0.0129,0.0293,0.00,0.0082,0.0082,0.0082
97.700,-0.4148,-0.0063,-0.0128,0.0293,0.00,0.0082,0.0082,0.0082
97.750,-0.4163,-0.0063,-0.0127,0.0293,0.00,0.0082,0.0082,0.0082
97.800,-0.4177,-0.0063,-0.0127,0.0293,0.00,0.0081,0.0082,0.0081
97.850,-0.4192,-0.0063,-0.0126,0.0293,0.00,0.0081,0.0081,0.0081
97.900,-0.4206,-0.0063,-0.0125,0.0293,0.00,0.0081,0.0081,0.0081
97.950,-0.4221,-0.0063,-0.0125,0.0293,0.00,0.0080,0.0081,0.0080
98.000,-0.4236,-0.0063,-0.0124,0.0293,0.00,0.0080,0.0080,0.0080
98.050,-0.4250,-0.0062,-0.0123,0.0293,0.00,0.0080,0.0080,0.0080
98.100,-0.4265,-0.0062,-0.0122,0.0293,0.00,0.0080,0.0080,0.0079
98.150,-0.4280,-0.0062,-0.0122,0.0293,0.00,0.0079,0.0079,0.0079
98.200,-0.4294,-0.0062,-0.0121,0.0293,0.00,0.0079,0.0079,0.0079
98.250,-0.4309,-0.0062,-0.0120,0.0293,0.00,0.0079,0.0079,0.0078
98.300,-0.4324,-0.0062,-0.0120,0.0293,0.00,0.0078,0.0078,0.0078
98.350,-0.4338,-0.0062,-0.0119,0.0293,0.00,0.0078,0.0078,0.0078
98.400,-0.4353,-0.0062,-0.0118,0.0293,0.00,0.0078,0.0078,0.0078
98.450,-0.4367,-0.0062,-0.0118,0.0293,0.00,0.0077,0.0077,0.0077
98.500,-0.4382,-0.0061,-0.0117,0.0293,0.00,0.0077,0.0077,0.0077
98.550,-0.4397,-0.0061,-0.0116,0.0293,0.00,0.0077,0.0077,0.0077
98.600,-0.4411,-0.0061,-0.0116,0.0293,0.00,0.0076,0.0076,0.0076
98.650,-0.4426,-0.0061,-0.0115,0.0293,0.00,0.0076,0.0076,0.0076
98.700,-0.4441,-0.0061,-0.0114,0.0293,0.00,0.0076,0.0076,0.0076
98.750,-0.4455,-0.0061,-0.0114,0.0293,0.00,0.0075,0.0075,0.0075
98.800,-0.4470,-0.0061,-0.0113,0.0293,0.00,0.0075,0.0075,0.0075
98.850,-0.4485,-0.0061,-0.0112,0.0293,0.00,0.0075,0.0075,0.0075
98.900,-0.4499,-0.0061,-0.0112,0.0293,0.00,0.0074,0.0074,0.0074
98.950,-0.4514,-0.0061,-0.0111,0.0293,0.00,0.0074,0.0074,0.0074
99.000,-0.4528,-0.0060,-0.0110,0.0293,0.00,0.0074,0.0074,0.0074
99.050,-0.4543,-0.0060,-0.0110,0.0293,0.00,0.0073,0.0073,0.0073
99.100,-0.4558,-0.0060,-0.0109,0.0293,0.00,0.0073,0.0073,0.0073
99.150,-0.4572,-0.0060,-0.0108,0.0293,0.00,0.0073,0.0073,0.0073
99.200,-0.4587,-0.0060,-0.0108,0.0293,0.00,0.0072,0.0072,0.0072
99.250,-0.4602,-0.0060,-0.0107,0.0293,0.00,0.0072,0.0072,0.0072
99.300,-0.4616,-0.0060,-0.0106,0.0293,0.00,0.0072,0.0072,0.0071
99.350,-0.4631,-0.0060,-0.0106,0.0293,0.00,0.0071,0.0071,0.0071
99.400,-0.4646,-0.0060,-0.0105,0.0293,0.00,0.0071,0.0071,0.0071
99.450,-0.4660,-0.0060,-0.0105,0.0293,0.00,0.0071,0.0071,0.0070
99.500,-0.4675,-0.0059,-0.0104,0.0293,0.00,0.0070,0.0070,0.0070
99.550,-0.4689,-0.0059,-0.0103,0.0293,0.00,0.0070,0.0070,0.0070
99.600,-0.4704,-0.0059,-0.0103,0.0293,0.00,0.0070,0.0070,0.0069
99.650,-0.4719,-0.0059,-0.0102,0.0293,0.00,0.0069,0.0069,0.0069
99.700,-0.4733,-0.0059,-0.0101,0.0293,0.00,0.0069,0.0069,0.0069
99.750,-0.4748,-0.0059,-0.0101,0.0293,0.00,0.0068,0.0069,0.0068
99.800,-0.4763,-0.0059,-0.0100,0.0293,0.00,0.0068,0.0068,0.0068
99.850,-0.4777,-0.0059,-0.0100,0.0293,0.00,0.0068,0.0068,0.0068
99.900,-0.4792,-0.0059,-0.0099,0.0293,0.00,0.0067,0.0068,0.0067
99.950,-0.4807,-0.0059,-0.0098,0.0293,0.00,0.0067,0.0067,0.0067
100.000,-0.4821,-0.0059,-0.0098,0.0293,0.00,0.0067,0.0067,0.0067
100.050,-0.4836,-0.0058,-0.0097,0.0293,0.00,0.0066,0.0066,0.0066
100.100,-0.4850,-0.0058,-0.0097,0.0293,0.00,0.0066,0.0066,0.0066
100.150,-0.4865,-0.0058,-0.0096,0.0293,0.00,0.0066,0.0066,0.0066
100.200,-0.4880,-0.0058,-0.0095,0.0293,0.00,0.0065,0.0065,0.0065
100.250,-0.4894,-0.0058,-0.0095,0.0293,0.00,0.0065,0.0065,0.0065
100.300,-0.4909,-0.0058,-0.0094,0.0293,0.00,0.0065,0.0065,0.0064
100.350,-0.4924,-0.0058,-0.0094,0.0293,0.00,0.0064,0.0064,0.0064
100.400,-0.4938,-0.0058,-0.0093,0.0293,0.00,0.0064,0.0064,0.0064
100.450,-0.4953,-0.0058,-0.0093,0.0293,0.00,0.0064,0.0064,0.0063
100.500,-0.4968,-0.0058,-0.0092,0.0293,0.00,0.0063,0.0063,0.0063
100.550,-0.4982,-0.0058,-0.0091,0.0293,0.00,0.0063,0.0063,0.0063
100.600,-0.4997,-0.0058,-0.0091,0.0293,0.00,0.0062,0.0063,0.0062
100.650,-0.5011,-0.0058,-0.0090,0.0293,0.00,0.0062,0.0062,0.0062
100.700,-0.5026,-0.0057,-0.0090,0.0293,0.00,0.0062,0.0062,0.0062
100.750,-0.5041,-0.0057,-0.0089,0.0293,0.00,0.0061,0.0061,0.0061
100.800,-0.5055,-0.0057,-0.0089,0.0293,0.00,0.0061,0.0061,0.0061
100.850,-0.5070,-0.0057,-0.0088,0.0293,0.00,0.0061,0.0061,0.0061
100.900,-0.5085,-0.0057,-0.0087,0.0293,0.00,0.0060,0.0060,0.0060
100.950,-0.5099,-0.0057,-0.0087,0.0293,0.00,0.0060,0.0060,0.0060
101.000,-0.5114,-0.0057,-0.0086,0.0293,0.00,0.0060,0.0060,0.0059
101.050,-0.5129,-0.0057,-0.0086,0.0293,0.00,0.0059,0.0059,0.0059
101.100,-0.5143,-0.0057,-0.0085,0.0293,0.00,0.0059,0.0059,0.0059
101.150,-0.5158,-0.0057,-0.0085,0.0293,0.00,0.0058,0.0059,0.0058
101.200,-0.5172,-0.0057,-0.0084,0.0293,0.00,0.0058,0.0058,0.0058
101.250,-0.5187,-0.0057,-0.0084,0.0293,0.00,0.0058,0.0058,0.0058
101.300,-0.5202,-0.0057,-0.0083,0.0293,0.00,0.0057,0.0057,0.0057
101.350,-0.5216,-0.0056,-0.0083,0.0293,0.00,0.0057,0.0057,0.0057
101.400,-0.5231,-0.0056,-0.0082,0.0293,0.00,0.0057,0.0057,0.0057
101.450,-0.5246,-0.0056,-0.0082,0.0293,0.00,0.0056,0.0056,0.0056
101.500,-0.5260,-0.0056,-0.0081,0.0293,0.00,0.0056,0.0056,0.0056
101.550,-0.5275,-0.0056,-0.0080,0.0293,0.00,0.0056,0.0056,0.0056
101.600,-0.5290,-0.0056,-0.0080,0.0293,0.00,0.0055,0.0055,0.0055
101.650,-0.5304,-0.0056,-0.0079,0.0293,0.00,0.0055,0.0055,0.0055
101.700,-0.5319,-0.0056,-0.0079,0.0293,0.00,0.0055,0.0055,0.0055
101.750,-0.5333,-0.0056,-0.0078,0.0293,0.00,0.0055,0.0055,0.0055
101.800,-0.5348,-0.0056,-0.0078,0.0293,0.00,0.0055,0.0055,0.0055
101.850,-0.5363,-0.0056,-0.0077,0.0293,0.00,0.0054,0.0054,0.0054
101.900,-0.5377,-0.0056,-0.0077,0.0293,0.00,0.0054,0.0054,0.0054
101.950,-0.5392,-0.0056,-0.0076,0.0293,0.00,0.0054,0.0054,0.0054
102.000,-0.5407,-0.0055,-0.0076,0.0293,0.00,0.0053,0.0053,0.0053
102.050,-0.5421,-0.0055,-0.0075,0.0293,0.00,0.0053,0.0053,0.0053
102.100,-0.5436,-0.0055,-0.0075,0.0293,0.00,0.0052,0.0053,0.0052
102.150,-0.5451,-0.0055,-0.0074,0.0293,0.00,0.0052,0.0052,0.0052
102.200,-0.5465,-0.0055,-0.0073,0.0293,0.00,0.0052,0.0052,0.0052
102.250,-0.5480,-0.0055,-0.0073,0.0293,0.00,0.0051,0.0051,0.0051
102.300,-0.5494,-0.0055,-0.0072,0.0293,0.00,0.0051,0.0051,0.0051
102.350,-0.5509,-0.0055,-0.0072,0.0293,0.00,0.0051,0.0051,0.0051
102.400,-0.5524,-0.0055,-0.0071,0.0293,0.00,0.0050,0.0050,0.0050
102.450,-0.5538,-0.0055,-0.0071,0.0293,0.00,0.0050,0.0050,0.0050
102.500,-0.5553,-0.0055,-0.0070,0.0293,0.00,0.0049,0.0050,0.0049
102.550,-0.5568,-0.0055,-0.0070,0.0293,0.00,0.0049,0.0049,0.0049
102.600,-0.5582,-0.0055,-0.0069,0.0293,0.00,0.0049,0.0049,0.0049
102.650,-0.5597,-0.0055,-0.0069,0.0293,0.00,0.0048,0.0048,0.0048
102.700,-0.5612,-0.0055,-0.0068,0.0293,0.00,0.0048,0.0048,0.0048
102.750,-0.5626,-0.0054,-0.0068,0.0293,0.00,0.0048,0.0048,0.0048
102.800,-0.5641,-0.0054,-0.0067,0.0293,0.00,0.0047,0.0047,0.0047
102.850,-0.5655,-0.0054,-0.0067,0.0293,0.00,0.0047,0.0047,0.0047
102.900,-0.5670,-0.0054,-0.0066,0.0293,0.00,0.0047,0.0047,0.0047
102.950,-0.5685,-0.0054,-0.0066,0.0293,0.00,0.0046,0.0046,0.0046
103.000,-0.5699,-0.0054,-0.0065,0.0293,0.00,0.0046,0.0046,0.0046
103.050,-0.5714,-0.0054,-0.0065,0.0293,0.00,0.0045,0.0046,0.0045
103.100,-0.5729,-0.0054,-0.0065,0.0293,0.00,0.0045,0.0045,0.0045
103.150,-0.5743,-0.0054,-0.0064,0.0293,0.00,0.0045,0.0045,0.0045
103.200,-0.5758,-0.0054,-0.0064,0.0293,0.00,0.0044,0.0044,0.0044
103.250,-0.5773,-0.0054,-0.0063,0.0293,0.00,0.0044,0.0044,0.0044
103.300,-0.5787,-0.0054,-0.0063,0.0293,0.00,0.0044,0.0044,0.0044
103.350,-0.5802,-0.0054,-0.0062,0.0293,0.00,0.0043,0.0043,0.0043
103.400,-0.5816,-0.0054,-0.0062,0.0293,0.00,0.0043,0.0043,0.0043
103.450,-0.5831,-0.0054,-0.0061,0.0293,0.00,0.0043,0.0043,0.0043
103.500,-0.5846,-0.0054,-0.0061,0.0293,0.00,0.0042,0.0042,0.0042
103.550,-0.5860,-0.0053,-0.0060,0.0293,0.00,0.0042,0.0042,0.0042
103.600,-0.5875,-0.0053,-0.0060,0.0293,0.00,0.0042,0.0042,0.0042
103.650,-0.5890,-0.0053,-0.0060,0.0293,0.00,0.0041,0.0041,0.0041
103.700,-0.5904,-0.0053,-0.0059,0.0293,0.00,0.0041,0.0041,0.0041
103.750,-0.5919,-0.0053,-0.0059,0.0293,0.00,0.0041,0.0041,0.0041
103.800,-0.5934,-0.0053,-0.0058,0.0293,0.00,0.0040,0.0040,0.0040
103.850,-0.5948,-0.0053,-0.0058,0.0293,0.00,0.0040,0.0040,0.0040
103.900,-0.5963,-0.0053,-0.0057,0.0293,0.00,0.0040,0.0040,0.0040
103.950,-0.5977,-0.0053,-0.0057,0.0293,0.00,0.0039,0.0039,0.0039
104.000,-0.5992,-0.0053,-0.0057,0.0293,0.00,0.0039,0.0039,0.0039
104.050,-0.6007,-0.0053,-0.0056,0.0293,0.00,0.0039,0.0039,0.0039
104.100,-0.6021,-0.0053,-0.0056,0.0293,0.00,0.0038,0.0038,0.0038
104.150,-0.6036,-0.0053,-0.0055,0.0293,0.00,0.0038,0.0038,0.0038
104.200,-0.6051,-0.0053,-0.0055,0.0293,0.00,0.0038,0.0038,0.0038
104.250,-0.6065,-0.0053,-0.0055,0.0293,0.00,0.0037,0.0037,0.0037
104.300,-0.6080,-0.0053,-0.0054,0.0293,0.00,0.0037,0.0037,0.0037
104.350,-0.6095,-0.0053,-0.0054,0.0293,0.00,0.0037,0.0037,0.0037
104.400,-0.6109,-0.0053,-0.0053,0.0293,0.00,0.0036,0.0036,0.0036
104.450,-0.6124,-0.0052,-0.0053,0.0293,0.00,0.0036,0.0036,0.0036
104.500,-0.6139,-0.0052,-0.0053,0.0293,0.00,0.0036,0.0036,0.0036
104.550,-0.6153,-0.0052,-0.0052,0.0293,0.00,0.0035,0.0035,0.0035
104.600,-0.6168,-0.0052,-0.0052,0.0293,0.00,0.0035,0.0035,0.0035
104.650,-0.6182,-0.0052,-0.0051,0.0293,0.00,0.0035,0.0035,0.0035
104.700,-0.6197,-0.0052,-0.0051,0.0293,0.00,0.0034,0.0035,0.0034
104.750,-0.6212,-0.0052,-0.0051,0.0293,0.00,0.0034,0.0034,0.0034
104.800,-0.6226,-0.0052,-0.0050,0.0293,0.00,0.0034,0.0034,0.0034
104.850,-0.6241,-0.0052,-0.0050,0.0293,0.00,0.0034,0.0034,0.0034
104.900,-0.6256,-0.0052,-0.0050,0.0293,0.00,0.0033,0.0033,0.0033
104.950,-0.6270,-0.0052,-0.0049,0.0293,0.00,0.0033,0.0033,0.0033
105.000,-0.6285,-0.0052,-0.0049,0.0293,0.00,0.0033,0.0033,0.0033
105.050,-0.6300,-0.0052,-0.0049,0.0293,0.00,0.0032,0.0032,0.0032
105.100,-0.6314,-0.0052,-0.0048,0.0293,0.00,0.0032,0.0032,0.0032
105.150,-0.6329,-0.0052,-0.0048,0.0293,0.00,0.0032,0.0032,0.0032
105.200,-0.6343,-0.0052,-0.0048,0.0293,0.00,0.0031,0.0031,0.0031
105.250,-0.6358,-0.0052,-0.0047,0.0293,0.00,0.0031,0.0031,0.0031
105.300,-0.6373,-0.0052,-0.0047,0.0293,0.00,0.0031,0.0031,0.0031
105.350,-0.6387,-0.0052,-0.0047,0.0293,0.00,0.0031,0.0031,0.0031
105.400,-0.6402,-0.0052,-0.0046,0.0293,0.00,0.0030,0.0030,0.0030
105.450,-0.6417,-0.0051,-0.0046,0.0293,0.00,0.0030,0.0030,0.0030
105.500,-0.6431,-0.0051,-0.0046,0.0293,0.00,0.0030,0.0030,0.0030
105.550,-0.6446,-0.0051,-0.0045,0.0293,0.00,0.0029,0.0029,0.0029
105.600,-0.6461,-0.0051,-0.0045,0.0293,0.00,0.0029,0.0029,0.0029
105.650,-0.6475,-0.0051,-0.0045,0.0293,0.00,0.0029,0.0029,0.0029
105.700,-0.6490,-0.0051,-0.0044,0.0293,0.00,0.0029,0.0029,0.0029
105.750,-0.6504,-0.0051,-0.0044,0.0293,0.00,0.0028,0.0028,0.0028
105.800,-0.6519,-0.0051,-0.0044,0.0293,0.00,0.0028,0.0028,0.0028
105.850,-0.6534,-0.0051,-0.0043,0.0293,0.00,0.0028,0.0028,0.0028
105.900,-0.6548,-0.0051,-0.0043,0.0293,0.00,0.0028,0.0028,0.0027
105.950,-0.6563,-0.0051,-0.0043,0.0293,0.00,0.0027,0.0027,0.0027
106.000,-0.6578,-0.0051,-0.0043,0.0293,0.00,0.0027,0.0027,0.0027
106.050,-0.6592,-0.0051,-0.0042,0.0293,0.00,0.0027,0.0027,0.0027
106.100,-0.6607,-0.0051,-0.0042,0.0293,0.00,0.0026,0.0026,0.0026
106.150,-0.6622,-0.0051,-0.0042,0.0293,0.00,0.0026,0.0026,0.0026
106.200,-0.6636,-0.0051,-0.0041,0.0293,0.00,0.0026,0.0026,0.0026
106.250,-0.6651,-0.0051,-0.0041,0.0293,0.00,0.0026,0.0026,0.0026
106.300,-0.6665,-0.0051,-0.0041,0.0293,0.00,0.0025,0.0025,0.0025
106.350,-0.6680,-0.0051,-0.0041,0.0293,0.00,0.0025,0.0025,0.0025
106.400,-0.6695,-0.0051,-0.0040,0.0293,0.00,0.0025,0.0025,0.0025
106.450,-0.6709,-0.0051,-0.0040,0.0293,0.00,0.0025,0.0025,0.0025
106.500,-0.6724,-0.0051,-0.0040,0.0293,0.00,0.0024,0.0024,0.0024
106.550,-0.6739,-0.0051,-0.0040,0.0293,0.00,0.0024,0.0024,0.0024
106.600,-0.6753,-0.0050,-0.0039,0.0293,0.00,0.0024,0.0024,0.0024
106.650,-0.6768,-0.0050,-0.0039,0.0293,0.00,0.0024,0.0024,0.0024
106.700,-0.6783,-0.0050,-0.0039,0.0293,0.00,0.0023,0.0023,0.0023
106.750,-0.6797,-0.0050,-0.0039,0.0293,0.00,0.0023,0.0023,0.0023
106.800,-0.6812,-0.0050,-0.0038,0.0293,0.00,0.0023,0.0023,0.0023
106.850,-0.6826,-0.0050,-0.0038,0.0293,0.00,0.0023,0.0023,0.0023
106.900,-0.6841,-0.0050,-0.0038,0.0293,0.00,0.0022,0.0022,0.0022
106.950,-0.6856,-0.0050,-0.0038,0.0293,0.00,0.0022,0.0022,0.0022
107.000,-0.6870,-0.0050,-0.0037,0.0293,0.00,0.0022,0.0022,0.0022
107.050,-0.6885,-0.0050,-0.0037,0.0293,0.00,0.0022,0.0022,0.0022
107.100,-0.6900,-0.0050,-0.0037,0.0293,0.00,0.0021,0.0021,0.0021
107.150,-0.6914,-0.0050,-0.0037,0.0293,0.00,0.0021,0.0021,0.0021
107.200,-0.6929,-0.0050,-0.0036,0.0293,0.00,0.0021,0.0021,0.0021
107.250,-0.6944,-0.0050,-0.0036,0.0293,0.00,0.0021,0.0021,0.0021
107.300,-0.6958,-0.0050,-0.0036,0.0293,0.00,0.0021,0.0021,0.0021
107.350,-0.6973,-0.0050,-0.0036,0.0293,0.00,0.0020,0.0020,0.0020
107.400,-0.6988,-0.0050,-0.0035,0.0293,0.00,0.0020,0.0020,0.0020
107.450,-0.7002,-0.0050,-0.0035,0.0293,0.00,0.0020,0.0020,0.0020
107.500,-0.7017,-0.0050,-0.0035,0.0293,0.00,0.0020,0.0020,0.0020
107.550,-0.7031,-0.0050,-0.0035,0.0293,0.00,0.0019,0.0019,0.0019
107.600,-0.7046,-0.0050,-0.0035,0.0293,0.00,0.0019,0.0019,0.0019
107.650,-0.7061,-0.0050,-0.0034,0.0293,0.00,0.0019,0.0019,0.0019
107.700,-0.7075,-0.0050,-0.0034,0.0293,0.00,0.0019,0.0019,0.0019
107.750,-0.7090,-0.0050,-0.0034,0.0293,0.00,0.0019,0.0019,0.0019
107.800,-0.7105,-0.0050,-0.0034,0.0293,0.00,0.0018,0.0018,0.0018
107.850,-0.7119,-0.0049,-0.0034,0.0293,0.00,0.0018,0.0018,0.0018
107.900,-0.7134,-0.0049,-0.0033,0.0293,0.00,0.0018,0.0018,0.0018
107.950,-0.7149,-0.0049,-0.0033,0.0293,0.00,0.0018,0.0018,0.0018
108.000,-0.7163,-0.0049,-0.0033,0.0293,0.00,0.0018,0.0018,0.0018
108.050,-0.7178,-0.0049,-0.0033,0.0293,0.00,0.0017,0.0017,0.0017
108.100,-0.7192,-0.0049,-0.0033,0.0293,0.00,0.0017,0.0017,0.0017
108.150,-0.7207,-0.0049,-0.0032,0.0293,0.00,0.0017,0.0017,0.0017
108.200,-0.7222,-0.0049,-0.0032,0.0293,0.00,0.0017,0.0017,0.0017
108.250,-0.7236,-0.0049,-0.0032,0.0293,0.00,0.0016,0.0016,0.0016
108.300,-0.7251,-0.0049,-0.0032,0.0293,0.00,0.0016,0.0016,0.0016
108.350,-0.7266,-0.0049,-0.0032,0.0293,0.00,0.0016,0.0016,0.0016
108.400,-0.7280,-0.0049,-0.0031,0.0293,0.00,0.0016,0.0016,0.0016
108.450,-0.7295,-0.0049,-0.0031,0.0293,0.00,0.0016,0.0016,0.0016
108.500,-0.7310,-0.0049,-0.0031,0.0293,0.00,0.0015,0.0015,0.0015
108.550,-0.7324,-0.0049,-0.0031,0.0293,0.00,0.0015,0.0015,0.0015
108.600,-0.7339,-0.0049,-0.0031,0.0293,0.00,0.0015,0.0015,0.0015
108.650,-0.7354,-0.0049,-0.0030,0.0293,0.00,0.0015,0.0015,0.0015
108.700,-0.7368,-0.0049,-0.0030,0.0293,0.00,0.0015,0.0015,0.0015
108.750,-0.7383,-0.0049,-0.0030,0.0293,0.00,0.0014,0.0014,0.0014
108.800,-0.7397,-0.0049,-0.0030,0.0293,0.00,0.0014,0.0014,0.0014
108.850,-0.7412,-0.0049,-0.0030,0.0293,0.00,0.0014,0.0014,0.0014
108.900,-0.7427,-0.0049,-0.0030,0.0293,0.00,0.0014,0.0014,0.0014
108.950,-0.7441,-0.0049,-0.0029,0.0293,0.00,0.0014,0.0014,0.0014
109.000,-0.7456,-0.0049,-0.0029,0.0293,0.00,0.0013,0.0013,0.0013
109.050,-0.7471,-0.0049,-0.0029,0.0293,0.00,0.0013,0.0013,0.0013
109.100,-0.7485,-0.0049,-0.0029,0.0293,0.00,0.0013,0.0013,0.0013
109.150,-0.7500,-0.0049,-0.0029,0.0293,0.00,0.0013,0.0013,0.0013
109.200,-0.7515,-0.0049,-0.0029,0.0293,0.00,0.0013,0.0013,0.0013
109.250,-0.7529,-0.0049,-0.0028,0.0293,0.00,0.0013,0.0013,0.0013
109.300,-0.7544,-0.0048,-0.0028,0.0293,0.00,0.0012,0.0012,0.0012
109.350,-0.7558,-0.0048,-0.0028,0.0293,0.00,0.0012,0.0012,0.0012
109.400,-0.7573,-0.0048,-0.0028,0.0293,0.00,0.0012,0.0012,0.0012
109.450,-0.7588,-0.0048,-0.0028,0.0293,0.00,0.0012,0.0012,0.0012
109.500,-0.7602,-0.0048,-0.0028,0.0293,0.00,0.0012,0.0012,0.0012
109.550,-0.7617,-0.0048,-0.0028,0.0293,0.00,0.0012,0.0012,0.0012
109.600,-0.7632,-0.0048,-0.0027,0.0293,0.00,0.0011,0.0011,0.0011
109.650,-0.7646,-0.0048,-0.0027,0.0293,0.00,0.0011,0.0011,0.0011
109.700,-0.7661,-0.0048,-0.0027,0.0293,0.00,0.0011,0.0011,0.0011
109.750,-0.7676,-0.0048,-0.0027,0.0293,0.00,0.0011,0.0011,0.0011
109.800,-0.7690,-0.0048,-0.0027,0.0293,0.00,0.0011,0.0011,0.0011
109.850,-0.7705,-0.0048,-0.0027,0.0293,0.00,0.0011,0.0011,0.0011
109.900,-0.7720,-0.0048,-0.0027,0.0293,0.00,0.0011,0.0011,0.0011
109.950,-0.7734,-0.0048,-0.0026,0.0293,0.00,0.0010,0.0010,0.0010
110.000,-0.7749,-0.0048,-0.0026,0.0293,0.00,0.0010,0.0010,0.0010
110.050,-0.7763,-0.0048,-0.0026,0.0293,0.00,0.0010,0.0010,0.0010
110.100,-0.7778,-0.0048,-0.0026,0.0293,0.00,0.0010,0.0010,0.0010
110.150,-0.7793,-0.0048,-0.0026,0.0293,0.00,0.0010,0.0010,0.0010
110.200,-0.7807,-0.0048,-0.0026,0.0293,0.00,0.0010,0.0010,0.0010
110.250,-0.7822,-0.0048,-0.0026,0.0293,0.00,0.0009,0.0009,0.0009
110.300,-0.7837,-0.0048,-0.0026,0.0293,0.00,0.0009,0.0009,0.0009
110.350,-0.7851,-0.0048,-0.0025,0.0293,0.00,0.0009,0.0009,0.0009
110.400,-0.7866,-0.0048,-0.0025,0.0293,0.00,0.0009,0.0009,0.0009
110.450,-0.7881,-0.0048,-0.0025,0.0293,0.00,0.0009,0.0009,0.0009
110.500,-0.7895,-0.0048,-0.0025,0.0293,0.00,0.0009,0.0009,0.0009
110.550,-0.7910,-0.0048,-0.0025,0.0293,0.00,0.0009,0.0009,0.0009
110.600,-0.7924,-0.0048,-0.0025,0.0293,0.00,0.0008,0.0008,0.0008
110.650,-0.7939,-0.0048,-0.0025,0.0293,0.00,0.0008,0.0008,0.0008
110.700,-0.7954,-0.0048,-0.0025,0.0293,0.00,0.0008,0.0008,0.0008
110.750,-0.7968,-0.0048,-0.0025,0.0293,0.00,0.0008,0.0008,0.0008
110.800,-0.7983,-0.0048,-0.0024,0.0293,0.00,0.0008,0.0008,0.0008
110.850,-0.7998,-0.0047,-0.0024,0.0293,0.00,0.0008,0.0008,0.0008
110.900,-0.8012,-0.0047,-0.0024,0.0293,0.00,0.0008,0.0008,0.0008
110.950,-0.8027,-0.0047,-0.0024,0.0293,0.00,0.0008,0.0008,0.0008
111.000,-0.8042,-0.0047,-0.0024,0.0293,0.00,0.0007,0.0007,0.0007
111.050,-0.8056,-0.0047,-0.0024,0.0293,0.00,0.0007,0.0007,0.0007
111.100,-0.8071,-0.0047,-0.0024,0.0293,0.00,0.0007,0.0007,0.0007
111.150,-0.8086,-0.0047,-0.0024,0.0293,0.00,0.0007,0.0007,0.0007
111.200,-0.8100,-0.0047,-0.0024,0.0293,0.00,0.0007,0.0007,0.0007
111.250,-0.8115,-0.0047,-0.0024,0.0293,0.00,0.0007,0.0007,0.0007
111.300,-0.8129,-0.0047,-0.0023,0.0293,0.00,0.0007,0.0007,0.0007
111.350,-0.8144,-0.0047,-0.0023,0.0293,0.00,0.0007,0.0007,0.0007
111.400,-0.8159,-0.0047,-0.0023,0.0293,0.00,0.0006,0.0006,0.0006
111.450,-0.8173,-0.0047,-0.0023,0.0293,0.00,0.0006,0.0006,0.0006
111.500,-0.8188,-0.0047,-0.0023,0.0293,0.00,0.0006,0.0006,0.0006
111.550,-0.8203,-0.0047,-0.0023,0.0293,0.00,0.0006,0.0006,0.0006
111.600,-0.8217,-0.0047,-0.0023,0.0293,0.00,0.0006,0.0006,0.0006
111.650,-0.8232,-0.0047,-0.0023,0.0293,0.00,0.0006,0.0006,0.0006
111.700,-0.8247,-0.0047,-0.0023,0.0293,0.00,0.0006,0.0006,0.0006
111.750,-0.8261,-0.0047,-0.0023,0.0293,0.00,0.0006,0.0006,0.0006
111.800,-0.8276,-0.0047,-0.0023,0.0293,0.00,0.0006,0.0006,0.0006
111.850,-0.8290,-0.0047,-0.0023,0.0293,0.00,0.0005,0.0005,0.0005
111.900,-0.8305,-0.0047,-0.0022,0.0293,0.00,0.0005,0.0005,0.0005
111.950,-0.8320,-0.0047,-0.0022,0.0293,0.00,0.0005,0.0005,0.0005
112.000,-0.8334,-0.0047,-0.0022,0.0293,0.00,0.0005,0.0005,0.0005
112.050,-0.8349,-0.0047,-0.0022,0.0293,0.00,0.0005,0.0005,0.0005
112.100,-0.8364,-0.0047,-0.0022,0.0293,0.00,0.0005,0.0005,0.0005
112.150,-0.8378,-0.0047,-0.0022,0.0293,0.00,0.0005,0.0005,0.0005
112.200,-0.8393,-0.0047,-0.0022,0.0293,0.00,0.0005,0.0005,0.0005
112.250,-0.8408,-0.0047,-0.0022,0.0293,0.00,0.0005,0.0005,0.0005
112.300,-0.8422,-0.0047,-0.0022,0.0293,0.00,0.0005,0.0005,0.0005
112.350,-0.8437,-0.0047,-0.0022,0.0293,0.00,0.0004,0.0004,0.0004
112.400,-0.8452,-0.0047,-0.0022,0.0293,0.00,0.0004,0.0004,0.0004
112.450,-0.8466,-0.0047,-0.0022,0.0293,0.00,0.0004,0.0004,0.0004
112.500,-0.8481,-0.0046,-0.0022,0.0293,0.00,0.0004,0.0004,0.0004
112.550,-0.8495,-0.0046,-0.0021,0.0293,0.00,0.0004,0.0004,0.0004
112.600,-0.8510,-0.0046,-0.0021,0.0293,0.00,0.0004,0.0004,0.0004
112.650,-0.8525,-0.0046,-0.0021,0.0293,0.00,0.0004,0.0004,0.0004
112.700,-0.8539,-0.0046,-0.0021,0.0293,0.00,0.0004,0.0004,0.0004
112.750,-0.8554,-0.0046,-0.0021,0.0293,0.00,0.0003,0.0003,0.0003
112.800,-0.8569,-0.0046,-0.0021,0.0293,0.00,0.0003,0.0003,0.0003
112.850,-0.8583,-0.0046,-0.0021,0.0293,0.00,0.0003,0.0003,0.0003
112.900,-0.8598,-0.0046,-0.0021,0.0293,0.00,0.0003,0.0003,0.0003
112.950,-0.8613,-0.0046,-0.0021,0.0293,0.00,0.0003,0.0003,0.0003
113.000,-0.8627,-0.0046,-0.0021,0.0293,0.00,0.0003,0.0003,0.0003
113.050,-0.8642,-0.0046,-0.0021,0.0293,0.00,0.0003,0.0003,0.0003
113.100,-0.8656,-0.0046,-0.0021,0.0293,0.00,0.0003,0.0003,0.0003
113.150,-0.8671,-0.0046,-0.0021,0.0293,0.00,0.0003,0.0003,0.0003
113.200,-0.8686,-0.0046,-0.0021,0.0293,0.00,0.0003,0.0003,0.0003
113.250,-0.8700,-0.0046,-0.0021,0.0293,0.00,0.0003,0.0003,0.0003
113.300,-0.8715,-0.0046,-0.0020,0.0293,0.00,0.0002,0.0002,0.0002
113.350,-0.8730,-0.0046,-0.0020,0.0293,0.00,0.0003,0.0003,0.0003
113.400,-0.8744,-0.0046,-0.0020,0.0293,0.00,0.0002,0.0002,0.0002
113.450,-0.8759,-0.0046,-0.0020,0.0293,0.00,0.0002,0.0002,0.0002
113.500,-0.8774,-0.0046,-0.0020,0.0293,0.00,0.0002,0.0002,0.0002
113.550,-0.8788,-0.0046,-0.0020,0.0293,0.00,0.0002,0.0002,0.0002
113.600,-0.8803,-0.0046,-0.0020,0.0293,0.00,0.0002,0.0002,0.0002
113.650,-0.8817,-0.0046,-0.0020,0.0293,0.00,0.0002,0.0002,0.0002
113.700,-0.8832,-0.0046,-0.0020,0.0293,0.00,0.0002,0.0002,0.0002
113.750,-0.8847,-0.0046,-0.0020,0.0293,0.00,0.0002,0.0002,0.0002
113.800,-0.8861,-0.0046,-0.0020,0.0293,0.00,0.0002,0.0002,0.0002
113.850,-0.8876,-0.0046,-0.0020,0.0293,0.00,0.0002,0.0002,0.0002
113.900,-0.8891,-0.0046,-0.0020,0.0293,0.00,0.0001,0.0001,0.0001
113.950,-0.8905,-0.0046,-0.0020,0.0293,0.00,0.0001,0.0001,0.0001
114.000,-0.8920,-0.0046,-0.0020,0.0293,0.00,0.0001,0.0001,0.0001
114.050,-0.8935,-0.0046,-0.0020,0.0293,0.00,0.0001,0.0001,0.0001
114.100,-0.8949,-0.0046,-0.0020,0.0293,0.00,0.0001,0.0001,0.0001
114.150,-0.8964,-0.0046,-0.0020,0.0293,0.00,0.0001,0.0001,0.0001
114.200,-0.8979,-0.0045,-0.0020,0.0293,0.00,0.0001,0.0001,0.0001
114.250,-0.8993,-0.0045,-0.0019,0.0293,0.00,0.0001,0.0001,0.0001
114.300,-0.9008,-0.0045,-0.0019,0.0293,0.00,0.0001,0.0001,0.0001
114.350,-0.9022,-0.0045,-0.0019,0.0293,0.00,0.0001,0.0001,0.0001
114.400,-0.9037,-0.0045,-0.0019,0.0293,0.00,0.0001,0.0001,0.0001
114.450,-0.9052,-0.0045,-0.0019,0.0293,0.00,0.0001,0.0001,0.0001
114.500,-0.9066,-0.0045,-0.0019,0.0293,0.00,0.0001,0.0001,0.0001
114.550,-0.9081,-0.0045,-0.0019,0.0293,0.00,0.0001,0.0001,0.0001
114.600,-0.9096,-0.0045,-0.0019,0.0293,0.00,0.0000,0.0000,0.0000
114.650,-0.9110,-0.0045,-0.0019,0.0293,0.00,0.0000,0.0000,0.0000
114.700,-0.9125,-0.0045,-0.0019,0.0293,0.00,0.0000,0.0000,0.0000
114.750,-0.9140,-0.0045,-0.0019,0.0293,0.00,0.0000,0.0000,0.0000
114.800,-0.9154,-0.0045,-0.0019,0.0293,0.00,0.0000,0.0000,0.0000
114.850,-0.9169,-0.0045,-0.0019,0.0293,0.00,0.0000,0.0000,0.0000
114.900,-0.9183,-0.0045,-0.0019,0.0293,0.00,0.0000,0.0000,0.0000
114.950,-0.9198,-0.0045,-0.0019,0.0293,0.00,0.0000,0.0000,0.0000
115.000,-0.9213,-0.0045,-0.0019,0.0293,0.00,-0.0000,-0.0000,-0.0000
115.050,-0.9227,-0.0045,-0.0019,0.0293,0.00,-0.0000,-0.0000,-0.0000
115.100,-0.9242,-0.0045,-0.0019,0.0293,0.00,-0.0000,-0.0000,-0.0000
115.150,-0.9257,-0.0045,-0.0019,0.0293,0.00,-0.0000,-0.0000,-0.0000
115.200,-0.9271,-0.0045,-0.0019,0.0293,0.00,-0.0000,-0.0000,-0.0000
115.250,-0.9286,-0.0045,-0.0019,0.0293,0.00,-0.0000,-0.0000,-0.0000
115.300,-0.9301,-0.0045,-0.0019,0.0293,0.00,-0.0000,-0.0000,-0.0000
115.350,-0.9315,-0.0045,-0.0019,0.0293,0.00,-0.0000,-0.0000,-0.0000
115.400,-0.9330,-0.0045,-0.0019,0.0293,0.00,-0.0001,-0.0001,-0.0001
115.450,-0.9344,-0.0045,-0.0019,0.0293,0.00,-0.0001,-0.0001,-0.0001
115.500,-0.9359,-0.0045,-0.0019,0.0293,0.00,-0.0001,-0.0001,-0.0001
115.550,-0.9374,-0.0045,-0.0018,0.0293,0.00,-0.0001,-0.0001,-0.0001
115.600,-0.9388,-0.0045,-0.0018,0.0293,0.00,-0.0001,-0.0001,-0.0001
115.650,-0.9403,-0.0045,-0.0018,0.0293,0.00,-0.0001,-0.0001,-0.0001
115.700,-0.9418,-0.0045,-0.0018,0.0293,0.00,-0.0001,-0.0001,-0.0001
115.750,-0.9432,-0.0045,-0.0018,0.0293,0.00,-0.0001,-0.0001,-0.0001
115.800,-0.9447,-0.0045,-0.0018,0.0293,0.00,-0.0001,-0.0001,-0.0001
115.850,-0.9462,-0.0045,-0.0018,0.0293,0.00,-0.0001,-0.0001,-0.0001
115.900,-0.9476,-0.0045,-0.0018,0.0293,0.00,-0.0001,-0.0001,-0.0001
115.950,-0.9491,-0.0044,-0.0018,0.0293,0.00,-0.0001,-0.0001,-0.0001
116.000,-0.9505,-0.0044,-0.0018,0.0293,0.00,-0.0001,-0.0001,-0.0001
116.050,-0.9520,-0.0044,-0.0018,0.0293,0.00,-0.0001,-0.0001,-0.0001
116.100,-0.9535,-0.0044,-0.0018,0.0293,0.00,-0.0001,-0.0001,-0.0001
116.150,-0.9549,-0.0044,-0.0018,0.0293,0.00,-0.0001,-0.0001,-0.0001
116.200,-0.9564,-0.0044,-0.0018,0.0293,0.00,-0.0001,-0.0001,-0.0001
116.250,-0.9579,-0.0044,-0.0018,0.0293,0.00,-0.0001,-0.0001,-0.0001
116.300,-0.9593,-0.0044,-0.0018,0.0293,0.00,-0.0001,-0.0001,-0.0001
116.350,-0.9608,-0.0044,-0.0018,0.0293,0.00,-0.0001,-0.0001,-0.0001
116.400,-0.9623,-0.0044,-0.0018,0.0293,0.00,-0.0001,-0.0001,-0.0001
116.450,-0.9637,-0.0044,-0.0018,0.0293,0.00,-0.0002,-0.0002,-0.0002
116.500,-0.9652,-0.0044,-0.0018,0.0293,0.00,-0.0002,-0.0002,-0.0002
116.550,-0.9666,-0.0044,-0.0018,0.0293,0.00,-0.0002,-0.0002,-0.0002
116.600,-0.9681,-0.0044,-0.0018,0.0293,0.00,-0.0002,-0.0002,-0.0002
116.650,-0.9696,-0.0044,-0.0018,0.0293,0.00,-0.0002,-0.0002,-0.0002
116.700,-0.9710,-0.0044,-0.0018,0.0293,0.00,-0.0002,-0.0002,-0.0002
116.750,-0.9725,-0.0044,-0.0018,0.0293,0.00,-0.0002,-0.0002,-0.0002
116.800,-0.9740,-0.0044,-0.0018,0.0293,0.00,-0.0002,-0.0002,-0.0002
116.850,-0.9754,-0.0044,-0.0018,0.0293,0.00,-0.0002,-0.0002,-0.0002
116.900,-0.9769,-0.0044,-0.0018,0.0293,0.00,-0.0002,-0.0002,-0.0002
116.950,-0.9784,-0.0044,-0.0018,0.0293,0.00,-0.0002,-0.0002,-0.0002
117.000,-0.9798,-0.0044,-0.0018,0.0293,0.00,-0.0002,-0.0002,-0.0002
117.050,-0.9813,-0.0044,-0.0018,0.0293,0.00,-0.0002,-0.0002,-0.0002
117.100,-0.9827,-0.0044,-0.0018,0.0293,0.00,-0.0002,-0.0002,-0.0002
117.150,-0.9842,-0.0044,-0.0018,0.0293,0.00,-0.0002,-0.0002,-0.0002
117.200,-0.9857,-0.0044,-0.0018,0.0293,0.00,-0.0002,-0.0002,-0.0002
117.250,-0.9871,-0.0044,-0.0018,0.0293,0.00,-0.0002,-0.0002,-0.0002
117.300,-0.9886,-0.0044,-0.0018,0.0293,0.00,-0.0002,-0.0002,-0.0002
117.350,-0.9901,-0.0044,-0.0018,0.0293,0.00,-0.0002,-0.0002,-0.0002
117.400,-0.9915,-0.0044,-0.0018,0.0293,0.00,-0.0002,-0.0002,-0.0002
117.450,-0.9930,-0.0044,-0.0018,0.0293,0.00,-0.0002,-0.0002,-0.0002
117.500,-0.9945,-0.0044,-0.0018,0.0293,0.00,-0.0002,-0.0002,-0.0002
117.550,-0.9959,-0.0044,-0.0018,0.0293,0.00,-0.0002,-0.0002,-0.0002
117.600,-0.9974,-0.0044,-0.0018,0.0293,0.00,-0.0002,-0.0002,-0.0002
117.650,-0.9988,-0.0044,-0.0018,0.0293,0.00,-0.0002,-0.0002,-0.0002
117.700,-1.0003,-0.0043,-0.0018,0.0293,0.00,-0.0002,-0.0002,-0.0002
117.750,-1.0018,-0.0043,-0.0018,0.0293,0.00,-0.0002,-0.0002,-0.0002
117.800,-1.0032,-0.0043,-0.0018,0.0293,0.00,-0.0002,-0.0002,-0.0002
117.850,-1.0047,-0.0043,-0.0018,0.0293,0.00,-0.0003,-0.0003,-0.0003
117.900,-1.0062,-0.0043,-0.0018,0.0293,0.00,-0.0003,-0.0003,-0.0003
117.950,-1.0076,-0.0043,-0.0018,0.0293,0.00,-0.0003,-0.0003,-0.0003
118.000,-1.0091,-0.0043,-0.0018,0.0293,0.00,-0.0003,-0.0003,-0.0003
118.050,-1.0106,-0.0043,-0.0018,0.0293,0.00,-0.0003,-0.0003,-0.0003
118.100,-1.0120,-0.0043,-0.0017,0.0293,0.00,-0.0003,-0.0003,-0.0003
118.150,-1.0135,-0.0043,-0.0017,0.0293,0.00,-0.0003,-0.0003,-0.0003
118.200,-1.0149,-0.0043,-0.0017,0.0293,0.00,-0.0003,-0.0003,-0.0003
118.250,-1.0164,-0.0043,-0.0017,0.0293,0.00,-0.0003,-0.0003,-0.0003
118.300,-1.0179,-0.0043,-0.0017,0.0293,0.00,-0.0003,-0.0003,-0.0003
118.350,-1.0193,-0.0043,-0.0017,0.0293,0.00,-0.0003,-0.0003,-0.0003
118.400,-1.0208,-0.0043,-0.0017,0.0293,0.00,-0.0003,-0.0003,-0.0003
118.450,-1.0223,-0.0043,-0.0017,0.0293,0.00,-0.0003,-0.0003,-0.0003
118.500,-1.0237,-0.0043,-0.0017,0.0293,0.00,-0.0003,-0.0003,-0.0003
118.550,-1.0252,-0.0043,-0.0017,0.0293,0.00,-0.0003,-0.0003,-0.0003
118.600,-1.0267,-0.0043,-0.0017,0.0293,0.00,-0.0003,-0.0003,-0.0003
118.650,-1.0281,-0.0043,-0.0017,0.0293,0.00,-0.0003,-0.0003,-0.0003
118.700,-1.0296,-0.0043,-0.0017,0.0293,0.00,-0.0003,-0.0003,-0.0003
118.750,-1.0310,-0.0043,-0.0017,0.0293,0.00,-0.0003,-0.0003,-0.0003
118.800,-1.0325,-0.0043,-0.0017,0.0293,0.00,-0.0003,-0.0003,-0.0003
118.850,-1.0340,-0.0043,-0.0017,0.0293,0.00,-0.0003,-0.0003,-0.0003
118.900,-1.0354,-0.0043,-0.0017,0.0293,0.00,-0.0003,-0.0003,-0.0003
118.950,-1.0369,-0.0043,-0.0017,0.0293,0.00,-0.0003,-0.0003,-0.0003
119.000,-1.0384,-0.0043,-0.0017,0.0293,0.00,-0.0003,-0.0003,-0.0003
119.050,-1.0398,-0.0043,-0.0017,0.0293,0.00,-0.0003,-0.0003,-0.0003
119.100,-1.0413,-0.0043,-0.0017,0.0293,0.00,-0.0003,-0.0003,-0.0003
119.150,-1.0428,-0.0043,-0.0017,0.0293,0.00,-0.0003,-0.0003,-0.0003
119.200,-1.0442,-0.0043,-0.0017,0.0293,0.00,-0.0003,-0.0003,-0.0003
119.250,-1.0457,-0.0043,-0.0017,0.0293,0.00,-0.0003,-0.0003,-0.0003
119.300,-1.0472,-0.0043,-0.0017,0.0293,0.00,-0.0003,-0.0003,-0.0003
119.350,-1.0486,-0.0043,-0.0017,0.0293,0.00,-0.0003,-0.0003,-0.0003
119.400,-1.0501,-0.0043,-0.0017,0.0293,0.00,-0.0003,-0.0003,-0.0003
119.450,-1.0515,-0.0042,-0.0017,0.0293,0.00,-0.0003,-0.0003,-0.0003
119.500,-1.0530,-0.0042,-0.0017,0.0293,0.00,-0.0003,-0.0003,-0.0003
119.550,-1.0545,-0.0042,-0.0017,0.0293,0.00,-0.0003,-0.0003,-0.0003
119.600,-1.0559,-0.0042,-0.0017,0.0293,0.00,-0.0003,-0.0003,-0.0003
119.650,-1.0574,-0.0042,-0.0017,0.0293,0.00,-0.0003,-0.0003,-0.0003
119.700,-1.0589,-0.0042,-0.0017,0.0293,0.00,-0.0003,-0.0003,-0.0003
119.750,-1.0603,-0.0042,-0.0017,0.0293,0.00,-0.0003,-0.0003,-0.0003
119.800,-1.0618,-0.0042,-0.0017,0.0293,0.00,-0.0003,-0.0003,-0.0003
119.850,-1.0633,-0.0042,-0.0017,0.0293,0.00,-0.0003,-0.0003,-0.0003
119.900,-1.0647,-0.0042,-0.0017,0.0293,0.00,-0.0003,-0.0003,-0.0003
119.950,-1.0662,-0.0042,-0.0017,0.0293,0.00,-0.0003,-0.0003,-0.0003
120.000,-1.0676,-0.0042,-0.0017,0.0293,0.00,-0.0003,-0.0003,-0.0003
